En	O
vain	O
contre	O
l'	O
effort	O
d'	O
une	O
sanglante	O
guerre	O
,	O
Retranchés	O
sur	O
ce	O
mont	O
qui	O
semble	O
fuir	O
la	O
terre	O
,	O
Nous	O
défendons	O
l'	O
honneur	O
du	O
nom	O
Messénien	O
Si	O
le	O
démon	O
de	O
Sparte	LOC-B
est	O
plus	O
fort	O
que	O
le	O
sien	O
.	O
	
Il	O
triomphe	O
,	O
et	O
malgré	O
les	O
efforts	O
de	O
nos	O
armes	O
Après	O
tout	O
notre	O
sang	O
nous	O
arrache	O
des	O
larmes	O
.	O
	
Oui	O
,	O
Princes	O
,	O
en	O
l'	O
état	O
où	O
nous	O
réduit	O
le	O
sort	O
Où	O
le	O
moindre	O
malheur	O
est	O
celui	O
de	O
la	O
mort	O
.	O
	
À	O
l'	O
effroyable	O
objet	O
des	O
maux	O
qu'	O
on	O
nous	O
prépare	O
Je	O
sens	O
que	O
malgré	O
moi	O
ma	O
confiance	O
s'	O
égare	O
;	O
	
Et	O
je	O
ne	O
saurais	O
voir	O
qu'	O
avec	O
la	O
larme	O
à	O
l'	O
oeil	O
Toute	O
la	O
Messénie	LOC-B
au	O
bord	O
de	O
son	O
cercueil	O
.	O
	
Hélas	O
!	O
	
Pour	O
quel	O
forfait	O
,	O
pour	O
quel	O
crime	O
exécrable	O
Lui	O
faites-vous	O
,	O
grands	O
Dieux	O
,	O
un	O
sort	O
si	O
déplorable	O
?	O
	
Ou	O
pourquoi	O
si	O
ce	O
coup	O
ne	O
pouvait	O
s'	O
éviter	O
Attendiez-vous	O
mon	O
règne	O
à	O
le	O
faire	O
éclater	O
?	O
	
Dieu	O
du	O
mont	LOC-B
Ithomé	LOC-I
,	O
Dieu	O
de	O
toute	O
la	O
terre	O
Qui	O
souvent	O
de	O
ce	O
Temple	O
as	O
lancé	O
le	O
tonnerre	O
,	O
Souffres-tu	O
qu'	O
aujourd'	O
hui	O
tes	O
ennemis	O
mortels	O
Nous	O
viennent	O
égorger	O
au	O
pied	O
de	O
tes	O
Autels	O
?	O
	
Que	O
leur	O
Religion	O
dans	O
le	O
sang	O
étouffée	O
Renouvelle	O
à	O
tes	O
yeux	O
les	O
désordres	O
d'	O
Amphée	O
?	O
	
Et	O
que	O
Sparte	LOC-B
employant	O
le	O
fer	O
et	O
le	O
flambeau	O
De	O
ton	O
Temple	O
et	O
du	O
mont	O
fasse	O
un	O
ardent	O
tombeau	O
?	O
	
Est-ce	O
ainsi	O
puissant	O
Dieu	O
que	O
tu	O
nous	O
abandonnes	O
?	O
	
Messène	LOC-B
va	O
périr	O
puisque	O
tu	O
nous	O
l'	O
ordonnes	O
;	O
	
Mais	O
notre	O
désespoir	O
se	O
mêlant	O
à	O
nos	O
coups	O
,	O
Ceux	O
qui	O
la	O
font	O
périr	O
,	O
périront	O
avec	O
nous	O
.	O
	
Vaillant	O
Aristodème	O
,	O
et	O
toi	O
mon	O
cher	O
Cresphonte	O
Que	O
l'	O
ennemi	O
jamais	O
n'	O
éprouva	O
qu'	O
à	O
sa	O
honte	O
,	O
Et	O
qui	O
sans	O
être	O
issu	O
du	O
sang	O
Messénien	O
,	O
De	O
Messène	LOC-B
pourtant	O
t'	O
es	O
rendu	O
le	O
soutien	O
;	O
	
Prévenez	O
avec	O
moi	O
la	O
cruelle	O
disgrâce	O
Dont	O
depuis	O
si	O
longtemps	O
le	O
destin	O
nous	O
menace	O
;	O
	
Et	O
pour	O
ne	O
pas	O
nous	O
voir	O
honteusement	O
soumis	O
S'	O
il	O
faut	O
tomber	O
,	O
tombons	O
avec	O
nos	O
ennemis	O
.	O
	
N'	O
aggravez	O
pas	O
,	O
Seigneur	O
,	O
les	O
malheurs	O
de	O
Messène	LOC-B
,	O
Bien	O
que	O
le	O
Ciel	O
sur	O
elle	O
ait	O
déployé	O
sa	O
haine	O
,	O
Après	O
les	O
grands	O
exploits	O
qu'	O
a	O
faits	O
votre	O
valeur	O
Elle	O
peut	O
hardiment	O
défier	O
le	O
malheur	O
:	O
Et	O
tant	O
que	O
votre	O
bras	O
soutiendra	O
sa	O
querelle	O
Si	O
Sparte	LOC-B
ne	O
fléchit	O
la	O
guerre	O
est	O
immortelle	O
,	O
Du	O
superbe	O
sommet	O
de	O
ce	O
mont	O
orgueilleux	O
Le	O
mal	O
qu'	O
ils	O
nous	O
ont	O
fait	O
retombera	O
sur	O
eux	O
.	O
	
Nous	O
le	O
renverserons	O
dessus	O
leurs	O
propres	O
têtes	O
,	O
De	O
ces	O
lieux	O
élevés	O
partiront	O
les	O
tempêtes	O
,	O
Dont	O
les	O
traits	O
par	O
nous-même	O
heureusement	O
conduits	O
Les	O
réduiront	O
bientôt	O
où	O
nous	O
sommes	O
réduits	O
.	O
	
Aristodème	O
,	O
perds	O
cette	O
espérance	O
vaine	O
,	O
Juge	O
plus	O
sainement	O
des	O
malheurs	O
de	O
Messène	LOC-B
,	O
Et	O
sache	O
qu'	O
ils	O
sont	O
tels	O
que	O
pour	O
borner	O
leur	O
cours	O
Les	O
Dieux	O
ont	O
trop	O
longtemps	O
différé	O
leur	O
secours	O
.	O
	
À	O
peine	O
ils	O
le	O
pourraient	O
de	O
puissance	O
absolue	O
,	O
Mais	O
déjà	O
dans	O
le	O
Ciel	O
sa	O
perte	O
est	O
résolue	O
.	O
	
Les	O
prodiges	O
sanglants	O
qui	O
nous	O
ont	O
menacés	O
Nous	O
font	O
voir	O
contre	O
nous	O
tous	O
les	O
Dieux	O
courroucés	O
.	O
	
Tout	O
le	O
monde	O
a	O
tremblé	O
sous	O
un	O
coup	O
de	O
tonnerre	O
,	O
Cent	O
fantômes	O
hideux	O
se	O
sont	O
levés	O
de	O
terre	O
,	O
Et	O
remplissant	O
ces	O
lieux	O
de	O
tristesse	O
et	O
d'	O
effroi	O
Androcle	O
et	O
ses	O
amis	O
ont	O
paru	O
devant	O
moi	O
.	O
	
Tel	O
qu'	O
alors	O
qu'	O
opposant	O
sa	O
puissance	O
Royale	O
À	O
la	O
guerre	O
qu'	O
il	O
crût	O
à	O
son	O
pays	O
fatale	O
,	O
Beaucoup	O
plus	O
fort	O
que	O
lui	O
,	O
quoiqu'	O
en	O
un	O
même	O
rang	O
,	O
Mon	O
père	O
Antiochus	O
la	O
signa	O
de	O
son	O
sang	O
.	O
	
L'	O
heure	O
vient	O
,	O
m'	O
a-t-il	O
dit	O
,	O
où	O
le	O
Ciel	O
délibère	O
De	O
me	O
venger	O
sur	O
toi	O
du	O
crime	O
de	O
ton	O
père	O
.	O
	
Mais	O
las	O
!	O
	
Par	O
des	O
rigueurs	O
que	O
j'	O
ai	O
peine	O
à	O
souffrir	O
Toute	O
la	O
Messénie	LOC-B
avec	O
toi	O
doit	O
périr	O
.	O
	
À	O
ces	O
mots	O
il	O
se	O
perd	O
dans	O
le	O
sein	O
d'	O
une	O
nue	O
,	O
Les	O
épais	O
tourbillons	O
qui	O
m'	O
en	O
ôtent	O
la	O
vue	O
,	O
Sont	O
sans	O
cesse	O
percés	O
de	O
mille	O
et	O
mille	O
éclairs	O
Qui	O
peignent	O
nos	O
malheurs	O
dans	O
le	O
vague	O
des	O
airs	O
.	O
	
On	O
oit	O
bruire	O
partout	O
des	O
instruments	O
de	O
guerre	O
:	O
Une	O
pluie	O
de	O
sang	O
tombe	O
sur	O
cette	O
terre	O
,	O
La	O
couvre	O
de	O
serpents	O
,	O
d'	O
insectes	O
,	O
et	O
d'	O
abord	O
Nous	O
respirons	O
un	O
air	O
de	O
poison	O
et	O
de	O
mort	O
,	O
Un	O
si	O
triste	O
destin	O
eut-il	O
jamais	O
d'	O
exemple	O
?	O
	
Joignez	O
à	O
ces	O
horreurs	O
ce	O
qui	O
se	O
fait	O
au	O
Temple	O
.	O
	
Déjà	O
près	O
de	O
l'	O
Autel	O
les	O
Prêtres	O
par	O
trois	O
fois	O
Avaient	O
sommé	O
les	O
Dieux	O
d'	O
accourir	O
à	O
leurs	O
voix	O
.	O
	
La	O
pureté	O
du	O
feu	O
prêt	O
pour	O
le	O
sacrifice	O
Nous	O
faisait	O
espérer	O
un	O
succès	O
plus	O
propice	O
.	O
	
L'	O
encens	O
montait	O
au	O
Ciel	O
avecque	O
liberté	O
,	O
Mais	O
sitôt	O
qu'	O
à	O
la	O
dextre	O
un	O
foudre	O
eut	O
éclaté	O
,	O
Le	O
Ministre	O
effrayé	O
lâche	O
les	O
deux	O
victimes	O
Qui	O
devaient	O
expier	O
la	O
grandeur	O
de	O
nos	O
crimes	O
.	O
	
L'	O
une	O
échappe	O
et	O
s'	O
enfuit	O
,	O
l'	O
autre	O
court	O
à	O
l'	O
Autel	O
,	O
Arrête	O
,	O
tombe	O
et	O
meurt	O
avant	O
le	O
coup	O
mortel	O
.	O
	
Le	O
Prêtre	O
épouvanté	O
de	O
voir	O
ses	O
funérailles	O
Cherche	O
encor	O
nos	O
destins	O
au	O
fond	O
de	O
ses	O
entrailles	O
.	O
	
Mais	O
passant	O
plus	O
avant	O
il	O
voit	O
avec	O
erreur	O
,	O
Un	O
serpent	O
qui	O
mourait	O
en	O
lui	O
rongeant	O
le	O
coeur	O
.	O
	
Ô	O
de	O
nos	O
derniers	O
maux	O
triste	O
et	O
dernier	O
présage	O
!	O
	
C'	O
est	O
ce	O
prodige	O
affreux	O
qui	O
m'	O
ôte	O
le	O
courage	O
.	O
	
Tout	O
est	O
perdu	O
pour	O
nous	O
.	O
	
C'	O
est	O
l'	O
extrême	O
malheur	O
Qui	O
des	O
vrais	O
généreux	O
redouble	O
la	O
valeur	O
.	O
	
Allons	O
doncques	O
amis	O
où	O
nous	O
attend	O
la	O
gloire	O
,	O
Une	O
éclatante	O
mort	O
vaut	O
mieux	O
qu'	O
une	O
victoire	O
.	O
	
Puisque	O
c'	O
est	O
triompher	O
des	O
hommes	O
et	O
du	O
sort	O
De	O
finir	O
de	O
beaux	O
jours	O
par	O
une	O
illustre	O
mort	O
.	O
	
Suivons	O
un	O
sentiment	O
si	O
noble	O
et	O
si	O
sublime	O
.	O
	
Mais	O
Alcidamas	O
vient	O
.	O
	
Enfin	O
,	O
Roi	O
magnanime	O
,	O
Les	O
Dieux	O
vont	O
retirer	O
Messène	LOC-B
de	O
ses	O
fers	O
,	O
Ils	O
ont	O
déjà	O
,	O
touchés	O
des	O
maux	O
qu'	O
elle	O
a	O
soufferts	O
,	O
Commencé	O
son	O
salut	O
par	O
un	O
fameux	O
miracle	O
,	O
Nous	O
n'	O
attendions	O
plus	O
rien	O
du	O
côté	O
de	O
l'	O
Oracle	O
,	O
Tisis	O
étant	O
cru	O
mort	O
,	O
à	O
peine	O
à	O
nos	O
esprits	O
Restait	O
le	O
souvenir	O
du	O
soin	O
qu'	O
il	O
avait	O
pris	O
.	O
	
Cependant	O
il	O
revient	O
,	O
et	O
son	O
zèle	O
invincible	O
Nous	O
porte	O
d'	O
Apollon	O
le	O
remède	O
infaillible	O
.	O
	
Il	O
revient	O
,	O
et	O
le	O
Dieu	O
qu'	O
il	O
porte	O
dans	O
son	O
sein	O
Du	O
camp	O
des	O
ennemis	O
l'	O
a	O
tiré	O
par	O
la	O
main	O
.	O
	
Quoi	O
!	O
	
Tisis	O
vit	O
encor	O
,	O
ô	O
frivole	O
espérance	O
!	O
	
Mais	O
quand	O
bien	O
son	O
salut	O
aurait	O
quelque	O
apparence	O
,	O
Peut-il	O
pour	O
nous	O
revoir	O
aborder	O
des	O
remparts	O
Que	O
nos	O
fiers	O
ennemis	O
ceignent	O
de	O
toutes	O
parts	O
?	O
	
Ne	O
vous	O
trompez-vous	O
point	O
?	O
	
Par	O
cette	O
défiance	O
Vous	O
accusez	O
les	O
Dieux	O
de	O
manquer	O
de	O
puissance	O
;	O
	
Mais	O
,	O
Seigneur	O
,	O
écoutez	O
ce	O
qu'	O
ils	O
ont	O
fait	O
pour	O
nous	O
,	O
Et	O
par	O
là	O
connaissez	O
la	O
fin	O
de	O
leur	O
courroux	O
.	O
	
Marchant	O
sous	O
la	O
faveur	O
du	O
Dieu	O
qui	O
l'	O
accompagne	O
,	O
Tisis	O
touchait	O
déjà	O
les	O
bords	O
de	O
la	O
montagne	O
,	O
Quand	O
voyant	O
tous	O
nos	O
champs	O
couverts	O
de	O
pavillons	O
,	O
Tant	O
de	O
corps	O
détachés	O
,	O
tant	O
d'	O
épais	O
bataillons	O
De	O
nos	O
murs	O
ruinés	O
lui	O
défendre	O
l'	O
entrée	O
,	O
L'	O
âme	O
de	O
déplaisir	O
et	O
de	O
douleur	O
outrée	O
,	O
Il	O
tourna	O
vers	O
le	O
Ciel	O
ses	O
yeux	O
grossis	O
de	O
pleurs	O
,	O
Et	O
par	O
ces	O
tristes	O
mots	O
déplore	O
nos	O
malheurs	O
.	O
	
Je	O
te	O
vois	O
cher	O
pays	O
au	O
bord	O
de	O
ta	O
ruine	O
,	O
Et	O
pouvant	O
arrêter	O
la	O
colère	O
divine	O
,	O
Alors	O
que	O
je	O
te	O
vois	O
sur	O
le	O
point	O
de	O
périr	O
Je	O
porte	O
ton	O
remède	O
et	O
ne	O
puis	O
te	O
guérir	O
.	O
	
Ô	O
Dieu	O
qui	O
m'	O
a	O
commis	O
ta	O
volonté	O
suprême	O
,	O
M'	O
abandonneras-tu	O
dans	O
ce	O
besoin	O
extrême	O
?	O
	
Non	O
,	O
non	O
,	O
je	O
sens	O
ton	O
aide	O
,	O
elle	O
vient	O
à	O
propos	O
.	O
	
Au	O
camp	O
des	O
ennemis	O
il	O
s'	O
engage	O
à	O
ces	O
mots	O
,	O
Et	O
trouvant	O
un	O
quartier	O
sans	O
beaucoup	O
de	O
défense	O
,	O
Où	O
le	O
rapide	O
Haly	LOC-B
des	O
montagnes	O
s'	O
élance	O
,	O
Il	O
surprend	O
l'	O
ennemi	O
,	O
l'	O
enfonce	O
,	O
se	O
fait	O
jour	O
,	O
Le	O
seul	O
fleuve	O
pour	O
lors	O
s'	O
oppose	O
à	O
son	O
retour	O
,	O
Mais	O
l'	O
extrême	O
danger	O
redoublant	O
son	O
courage	O
,	O
Il	O
pousse	O
son	O
cheval	O
qui	O
le	O
passe	O
à	O
la	O
nage	O
:	O
L'	O
ennemi	O
qui	O
le	O
suit	O
confus	O
,	O
épouvanté	O
,	O
Sur	O
un	O
pont	O
de	O
bateaux	O
gagne	O
l'	O
autre	O
côté	O
,	O
Se	O
range	O
sur	O
les	O
bords	O
,	O
couvre	O
tout	O
le	O
rivage	O
,	O
Et	O
lui	O
prépare	O
au	O
port	O
un	O
assuré	O
naufrage	O
.	O
	
Dans	O
cette	O
extrémité	O
que	O
fera-t-il	O
grands	O
Dieux	O
?	O
	
La	O
mort	O
de	O
toutes	O
parts	O
se	O
présente	O
à	O
ses	O
yeux	O
,	O
Dans	O
les	O
eaux	O
,	O
sur	O
la	O
terre	O
,	O
il	O
la	O
voit	O
infaillible	O
:	O
Mais	O
à	O
tous	O
ces	O
périls	O
son	O
esprit	O
insensible	O
De	O
l'	O
amour	O
du	O
pays	O
occupé	O
pleinement	O
,	O
S'	O
il	O
craint	O
en	O
cet	O
état	O
c'	O
est	O
pour	O
nous	O
seulement	O
.	O
	
Cependant	O
le	O
vieux	O
fleuve	O
ennuyé	O
de	O
sa	O
chaîne	O
,	O
Connaissant	O
son	O
vainqueur	O
et	O
celui	O
de	O
Messène	LOC-B
,	O
Va	O
rendre	O
sur	O
les	O
bords	O
ce	O
précieux	O
fardeau	O
.	O
	
L'	O
ennemi	O
qui	O
craignait	O
de	O
le	O
perdre	O
dans	O
l'	O
eau	O
Lui	O
fait	O
place	O
,	O
il	O
paraît	O
sur	O
sa	O
natale	O
terre	O
,	O
Il	O
s'	O
avance	O
,	O
et	O
sentant	O
que	O
l'	O
ennemi	O
l'	O
enserre	O
Il	O
voit	O
sans	O
se	O
troubler	O
par	O
ce	O
second	O
effort	O
Dresser	O
superbement	O
l'	O
appareil	O
de	O
sa	O
mort	O
.	O
	
Il	O
les	O
prévient	O
,	O
il	O
part	O
,	O
et	O
plus	O
vite	O
qu'	O
un	O
foudre	O
D'	O
abord	O
aux	O
plus	O
ardents	O
il	O
fait	O
mordre	O
la	O
poudre	O
,	O
Les	O
renverse	O
à	O
ses	O
pieds	O
l'	O
un	O
sur	O
l'	O
autre	O
entassés	O
,	O
Et	O
se	O
fait	O
un	O
rempart	O
de	O
morts	O
ou	O
de	O
blessés	O
,	O
Les	O
coups	O
marquent	O
du	O
Dieu	O
l'	O
infaillible	O
présence	O
.	O
	
Mais	O
malgré	O
sa	O
valeur	O
,	O
malgré	O
sa	O
résistance	O
,	O
Contre	O
tant	O
d'	O
ennemis	O
ne	O
pouvant	O
se	O
sauver	O
Blessé	O
,	O
mourant	O
il	O
tombe	O
,	O
et	O
l'	O
on	O
court	O
l'	O
achever	O
.	O
	
Ah	O
!	O
	
Tisis	O
que	O
ta	O
mort	O
nous	O
va	O
coûter	O
de	O
larmes	O
.	O
	
Justes	O
Dieux	O
!	O
	
Il	O
allait	O
expirer	O
sous	O
leurs	O
armes	O
,	O
Quand	O
du	O
milieu	O
des	O
airs	O
une	O
terrible	O
voix	O
Leur	O
fait	O
ouïr	O
ces	O
mots	O
par	O
trois	O
diverses	O
fois	O
.	O
	
Sacrilèges	O
,	O
sauvez	O
le	O
porteur	O
de	O
l'	O
Oracle	O
.	O
	
Ces	O
Tigres	O
furieux	O
frappés	O
de	O
ce	O
miracle	O
,	O
Voyant	O
combien	O
le	O
Ciel	O
prenait	O
soin	O
de	O
ses	O
jours	O
Oubliant	O
leur	O
fureur	O
,	O
s'	O
offrent	O
à	O
son	O
secours	O
.	O
	
Ils	O
voulaient	O
l'	O
emporter	O
dans	O
leur	O
tente	O
prochaine	O
:	O
Mais	O
Tisis	O
dans	O
l'	O
ardeur	O
de	O
secourir	O
Messène	LOC-B
,	O
Se	O
servant	O
du	O
pouvoir	O
que	O
lui	O
donnaient	O
les	O
Dieux	O
,	O
Commande	O
qu'	O
aussitôt	O
on	O
le	O
porte	O
en	O
ces	O
lieux	O
.	O
	
On	O
obéit	O
,	O
il	O
vient	O
environné	O
de	O
gloire	O
,	O
Ses	O
ennemis	O
confus	O
annoncent	O
sa	O
victoire	O
Par	O
de	O
profonds	O
soupirs	O
et	O
de	O
tristes	O
regards	O
,	O
Et	O
portent	O
leur	O
vainqueur	O
au	O
pied	O
de	O
nos	O
remparts	O
,	O
Et	O
c'	O
est	O
là	O
que	O
j'	O
ai	O
su	O
ce	O
succès	O
admirable	O
.	O
	
Grands	O
Dieux	O
!	O
	
Après	O
un	O
sort	O
à	O
ce	O
point	O
favorable	O
J'	O
ose	O
tout	O
espérer	O
.	O
	
Grâces	O
aux	O
immortels	O
;	O
	
Que	O
de	O
mille	O
présents	O
on	O
charge	O
leurs	O
Autels	O
.	O
	
Allons	O
par	O
mille	O
jeux	O
célébrer	O
la	O
journée	O
Qui	O
des	O
Messéniens	O
change	O
la	O
destinée	O
.	O
	
Ah	O
!	O
	
Si	O
pour	O
l'	O
honorer	O
par	O
un	O
dernier	O
bonheur	O
,	O
Connaissant	O
de	O
quel	O
feu	O
je	O
brûle	O
pour	O
ta	O
soeur	O
,	O
Tu	O
voulais	O
achever	O
cet	O
heureux	O
hyménée	O
Pour	O
qui	O
semblent	O
les	O
Dieux	O
marquer	O
cette	O
journée	O
,	O
Que	O
je	O
serais	O
heureux	O
si	O
dans	O
un	O
même	O
jour	O
Je	O
faisais	O
triompher	O
Messène	LOC-B
et	O
mon	O
amour	O
.	O
	
Car	O
pour	O
rendre	O
aujourd'	O
hui	O
ma	O
victoire	O
achevée	O
,	O
Si	O
je	O
voyais	O
ta	O
soeur	O
sur	O
mon	O
trône	O
élevée	O
J'	O
irais	O
pour	O
l'	O
affermir	O
par	O
mille	O
exploits	O
divers	O
,	O
Vaincre	O
nos	O
ennemis	O
,	O
subjuguer	O
l'	O
Univers	O
,	O
Et	O
pour	O
faire	O
partout	O
régner	O
ma	O
souveraine	O
Joindre	O
toute	O
la	O
terre	O
aux	O
États	O
de	O
Messène	LOC-B
.	O
	
L'	O
honneur	O
que	O
vous	O
offrez	O
est	O
pour	O
nous	O
trop	O
charmant	O
Pour	O
le	O
vouloir	O
,	O
Seigneur	O
,	O
différer	O
d'	O
un	O
moment	O
.	O
	
Et	O
puisqu'	O
un	O
meilleur	O
sort	O
aujourd'	O
hui	O
nous	O
envoie	O
,	O
En	O
nous	O
rendant	O
Tisis	O
,	O
tant	O
de	O
sujets	O
de	O
joie	O
,	O
Célébrons	O
un	O
hymen	O
si	O
longtemps	O
désiré	O
,	O
Qu'	O
un	O
malheur	O
sans	O
relâche	O
a	O
toujours	O
différé	O
.	O
	
Seigneur	O
par	O
son	O
aveu	O
que	O
le	O
mien	O
autorise	O
,	O
Si	O
vous	O
le	O
souhaitez	O
,	O
ma	O
soeur	O
vous	O
est	O
acquise	O
.	O
	
Que	O
te	O
pourrai-je	O
rendre	O
après	O
un	O
tel	O
bienfait	O
?	O
	
Hélas	O
!	O
	
Si	O
mon	O
mérite	O
égalait	O
mon	O
souhait	O
,	O
Si	O
ce	O
Prince	O
touché	O
des	O
peines	O
que	O
j'	O
endure	O
Voulait	O
.	O
	
Alcidamas	O
vous	O
me	O
faites	O
injure	O
.	O
	
Quoi	O
?	O
	
Ne	O
savez-vous	O
pas	O
que	O
ma	O
fille	O
est	O
à	O
vous	O
?	O
	
Oui	O
,	O
puisque	O
le	O
destin	O
se	O
déclare	O
pour	O
nous	O
:	O
Ce	O
jour	O
si	O
vous	O
voulez	O
verra	O
votre	O
hyménée	O
.	O
	
Que	O
je	O
baise	O
ses	O
mains	O
.	O
	
Ô	O
cruelle	O
journée	O
!	O
	
Je	O
l'	O
aime	O
et	O
pleure	O
.	O
	
Tisis	O
devant	O
nos	O
Dieux	O
Vient	O
exposer	O
l'	O
oracle	O
et	O
mourir	O
à	O
leurs	O
yeux	O
.	O
	
Ah	O
!	O
	
Tisis	O
.	O
	
Grâce	O
au	O
Dieu	O
qui	O
m'	O
a	O
sauvé	O
la	O
vie	O
,	O
Je	O
revois	O
mes	O
amis	O
,	O
mon	O
Prince	O
,	O
et	O
ma	O
patrie	O
.	O
	
Trop	O
heureux	O
puisqu'	O
encor	O
au	O
dernier	O
de	O
mes	O
jours	O
Je	O
leur	O
rends	O
en	O
mourant	O
un	O
utile	O
secours	O
.	O
	
Que	O
te	O
rendrai-je	O
,	O
ô	O
Dieu	O
!	O
	
pour	O
un	O
bienfait	O
si	O
rare	O
?	O
	
Hélas	O
!	O
	
Qu'	O
à	O
l'	O
adorer	O
un	O
chacun	O
se	O
prépare	O
.	O
	
Peuple	O
Messénien	O
,	O
vous	O
Princes	O
,	O
vous	O
mon	O
Roi	O
,	O
Oyez	O
,	O
oyez	O
le	O
Dieu	O
qui	O
vous	O
parle	O
par	O
moi	O
.	O
	
Que	O
l'	O
on	O
jette	O
le	O
sort	O
sur	O
les	O
Vierges	O
d'	O
Épyte	O
,	O
Que	O
l'	O
une	O
de	O
ce	O
sang	O
immolée	O
au	O
Cocyte	LOC-B
,	O
Aux	O
lieux	O
d'	O
où	O
le	O
Haly	LOC-B
précipite	O
ses	O
eaux	O
,	O
Pour	O
apaiser	O
Androcle	O
,	O
et	O
ses	O
mânes	O
funèbres	O
,	O
Sans	O
regret	O
et	O
dans	O
les	O
ténèbres	O
Tombe	O
sous	O
les	O
sacrés	O
couteaux	O
.	O
	
Voilà	O
ce	O
que	O
les	O
Dieux	O
m'	O
ordonnaient	O
de	O
vous	O
dire	O
,	O
Faites	O
leur	O
volonté	O
,	O
qu'	O
on	O
m'	O
emporte	O
,	O
j'	O
expire	O
.	O
	
Adieu	O
Roi	O
,	O
Peuple	O
,	O
Amis	O
que	O
je	O
ne	O
verrai	O
plus	O
,	O
Usez	O
bien	O
de	O
l'	O
Oracle	O
,	O
ou	O
vous	O
êtes	O
perdus	O
.	O
	
Que	O
nous	O
demandez-vous	O
?	O
	
Grands	O
Dieux	O
!	O
	
Aristodème	O
,	O
Qu'	O
est-ce	O
ci	O
?	O
	
Justes	O
Dieux	O
sauvez-moi	O
du	O
blasphème	O
!	O
	
Ah	O
!	O
	
Seigneur	O
.	O
	
C'	O
est	O
à	O
vous	O
que	O
l'	O
Oracle	O
a	O
parlé	O
,	O
Prince	O
c'	O
est	O
votre	O
sang	O
qui	O
doit	O
être	O
immolé	O
.	O
	
Les	O
Dieux	O
veulent	O
mon	O
sang	O
,	O
je	O
veux	O
leur	O
satisfaire	O
,	O
Pour	O
celui	O
de	O
la	O
fille	O
offrir	O
celui	O
du	O
père	O
;	O
	
Je	O
vous	O
l'	O
offre	O
,	O
grands	O
Dieux	O
,	O
acceptez	O
mon	O
trépas	O
,	O
Mais	O
je	O
vois	O
bien	O
,	O
cruels	O
vous	O
ne	O
le	O
voulez	O
pas	O
.	O
	
Et	O
vous	O
me	O
demandez	O
pour	O
sauver	O
ma	O
patrie	O
Un	O
sang	O
qui	O
m'	O
est	O
plus	O
cher	O
,	O
donc	O
je	O
te	O
perds	O
Argie	O
.	O
	
Le	O
Ciel	O
peut	O
la	O
sauver	O
.	O
	
Quoi	O
cher	O
Prince	O
?	O
	
Seigneur	O
,	O
Ma	O
soeur	O
doit	O
aspirer	O
à	O
ce	O
fatal	O
bonheur	O
.	O
	
Elle	O
est	O
du	O
sang	O
d'	O
Épyte	O
.	O
	
Ah	O
!	O
	
Frère	O
trop	O
barbare	O
.	O
	
Mais	O
trop	O
sensible	O
amant	O
.	O
	
Le	O
mal	O
qu'	O
on	O
nous	O
prépare	O
Menace	O
également	O
et	O
ma	O
fille	O
et	O
ta	O
sour	O
;	O
	
Le	O
sort	O
doit	O
disposer	O
d'	O
un	O
si	O
funeste	O
honneur	O
.	O
	
Étant	O
seules	O
du	O
sang	O
propre	O
à	O
ce	O
sacrifice	O
,	O
Il	O
faudra	O
que	O
pour	O
nous	O
l'	O
une	O
ou	O
l'	O
autre	O
périsse	O
.	O
	
Ah	O
!	O
	
Que	O
notre	O
salut	O
nous	O
sera	O
cher	O
vendu	O
.	O
	
Est-ce	O
là	O
ce	O
secours	O
si	O
longtemps	O
attendu	O
?	O
	
Dieux	O
cruels	O
,	O
Dieux	O
sanglants	O
,	O
et	O
vous	O
mânes	O
funèbres	O
Qui	O
pour	O
nous	O
tourmenter	O
sortez	O
de	O
vos	O
ténèbres	O
;	O
	
Androcle	O
objet	O
rempli	O
de	O
menace	O
et	O
d'	O
effroi	O
.	O
	
Que	O
ne	O
demandiez-vous	O
qu'	O
on	O
vous	O
offrît	O
un	O
Roi	O
?	O
	
Après	O
un	O
tel	O
Arrêt	O
qui	O
serait	O
légitime	O
,	O
J'	O
eusse	O
été	O
sans	O
tarder	O
le	O
Prêtre	O
et	O
la	O
victime	O
.	O
	
L'	O
un	O
et	O
l'	O
autre	O
ressent	O
une	O
pareille	O
ardeur	O
.	O
	
Je	O
réponds	O
pour	O
ma	O
fille	O
,	O
il	O
répond	O
pour	O
sa	O
soeur	O
.	O
	
Puisqu'	O
il	O
faut	O
par	O
leur	O
sang	O
sauver	O
la	O
Messénie	LOC-B
,	O
Que	O
l'	O
on	O
les	O
jette	O
au	O
sort	O
.	O
	
Dieux	O
!	O
	
Quelle	O
tyrannie	O
?	O
	
Que	O
ne	O
nous	O
montrez-vous	O
quel	O
est	O
notre	O
désir	O
:	O
Sans	O
remettre	O
au	O
hasard	O
le	O
pouvoir	O
de	O
choisir	O
.	O
	
Faudra-t-il	O
que	O
le	O
sort	O
.	O
	
N'	O
importe	O
,	O
qu'	O
il	O
choisisse	O
.	O
	
Allons	O
,	O
allons	O
pourvoir	O
à	O
ce	O
grand	O
Sacrifice	O
.	O
	
Vous	O
y	O
résolvez-vous	O
?	O
	
Ah	O
!	O
	
Cher	O
Prince	O
.	O
	
Ah	O
!	O
	
Seigneur	O
.	O
	
Tu	O
perds	O
Alcidamas	O
ta	O
maîtresse	O
ou	O
ta	O
soeur	O
.	O
	
Sauvez	O
Mérope	O
,	O
ô	O
Dieux	O
!	O
	
Pour	O
sauver	O
sa	O
patrie	O
Si	O
l'	O
une	O
doit	O
périr	O
,	O
grands	O
Dieux	O
sauvez	O
Argie	O
.	O
	
Argie	O
,	O
à	O
qui	O
le	O
Ciel	O
m'	O
unit	O
si	O
fortement	O
,	O
Enfin	O
nous	O
approchons	O
de	O
ce	O
fatal	O
moment	O
,	O
Où	O
pour	O
calmer	O
des	O
Dieux	O
la	O
colère	O
obstinée	O
L'	O
une	O
ou	O
l'	O
autre	O
doit	O
voir	O
sa	O
course	O
terminée	O
,	O
Et	O
recevoir	O
au	O
gré	O
des	O
caprices	O
du	O
sort	O
L'	O
irrévocable	O
arrêt	O
ou	O
de	O
vie	O
ou	O
de	O
mort	O
.	O
	
C'	O
est	O
nous	O
seules	O
,	O
c'	O
est	O
nous	O
que	O
l'	O
Oracle	O
demande	O
,	O
Une	O
Vierge	O
Épityde	O
en	O
doit	O
être	O
l'	O
offrande	O
.	O
	
Si	O
seules	O
nous	O
restons	O
du	O
sang	O
épytien	O
On	O
ne	O
lui	O
peut	O
offrir	O
que	O
ton	O
sang	O
ou	O
le	O
mien	O
.	O
	
Que	O
si	O
l'	O
une	O
des	O
deux	O
y	O
doit	O
perdre	O
la	O
vie	O
,	O
Quelle	O
sera-ce	O
enfin	O
de	O
Mérope	O
ou	O
d'	O
Argie	O
?	O
	
Dans	O
la	O
nécessité	O
de	O
cette	O
triste	O
loi	O
Ah	O
!	O
	
Je	O
crains	O
tout	O
pour	O
elle	O
,	O
et	O
ne	O
crains	O
rien	O
pour	O
moi	O
.	O
	
Épargne	O
ma	O
faiblesse	O
,	O
et	O
tâche	O
de	O
suspendre	O
Le	O
noble	O
sentiment	O
d'	O
une	O
amitié	O
si	O
tendre	O
.	O
	
Ici	O
tes	O
sentiments	O
vont	O
affaiblir	O
les	O
miens	O
,	O
Plus	O
tu	O
crains	O
pour	O
mes	O
jours	O
plus	O
je	O
crains	O
pour	O
les	O
tiens	O
.	O
	
Quoi	O
?	O
	
Si	O
c'	O
est	O
un	O
honneur	O
que	O
le	O
Ciel	O
me	O
destine	O
,	O
Si	O
ma	O
mort	O
,	O
du	O
pays	O
divertit	O
la	O
ruine	O
,	O
Voyant	O
couler	O
mon	O
sang	O
pour	O
un	O
sujet	O
si	O
beau	O
Voudrais-tu	O
de	O
tes	O
pleurs	O
arroser	O
mon	O
tombeau	O
?	O
	
Pour	O
moi	O
je	O
te	O
le	O
dis	O
,	O
malgré	O
cette	O
tendresse	O
Qui	O
fait	O
que	O
pour	O
tes	O
jours	O
mon	O
âme	O
s'	O
intéresse	O
,	O
Si	O
le	O
Ciel	O
veut	O
ton	O
sang	O
,	O
et	O
néglige	O
le	O
mien	O
,	O
Je	O
pleurerai	O
mon	O
sort	O
,	O
loin	O
de	O
pleurer	O
le	O
tien	O
.	O
	
Tu	O
voudrais	O
en	O
mourant	O
me	O
conserver	O
la	O
vie	O
,	O
Et	O
tu	O
ne	O
peux	O
souffrir	O
que	O
je	O
te	O
porte	O
envie	O
,	O
Ah	O
!	O
	
C'	O
est	O
faire	O
à	O
ma	O
gloire	O
une	O
trop	O
dure	O
loi	O
De	O
vouloir	O
que	O
j'	O
en	O
sois	O
moins	O
jalouse	O
que	O
toi	O
.	O
	
Laisse	O
moi	O
cet	O
honneur	O
,	O
et	O
permets	O
que	O
j'	O
espère	O
De	O
sauver	O
par	O
ma	O
perte	O
et	O
ma	O
soeur	O
et	O
mon	O
frère	O
,	O
Amour	O
l'	O
unit	O
à	O
toi	O
par	O
de	O
si	O
forts	O
liens	O
Que	O
le	O
cours	O
de	O
ses	O
jours	O
se	O
règle	O
sur	O
les	O
tiens	O
.	O
	
Et	O
s'	O
il	O
faut	O
aujourd'	O
hui	O
que	O
tu	O
perdes	O
la	O
vie	O
La	O
mort	O
d'	O
Alcidamas	O
suivra	O
celle	O
d'	O
Argie	O
.	O
	
Je	O
ne	O
connais	O
que	O
trop	O
l'	O
amour	O
d'	O
Alcidamas	O
,	O
Mais	O
s'	O
il	O
plaignait	O
ma	O
perte	O
,	O
il	O
ne	O
m'	O
aimerait	O
pas	O
;	O
	
Et	O
sa	O
lâche	O
pitié	O
mériterait	O
ma	O
haine	O
S'	O
il	O
ne	O
pouvait	O
la	O
vaincre	O
en	O
faveur	O
de	O
Messène	LOC-B
:	O
Et	O
si	O
par	O
son	O
trépas	O
il	O
osait	O
lui	O
ravir	O
Un	O
bras	O
qui	O
l'	O
a	O
servie	O
et	O
qui	O
peut	O
la	O
servir	O
.	O
	
Si	O
j'	O
en	O
suis	O
la	O
victime	O
,	O
il	O
doit	O
voir	O
avec	O
joie	O
Cet	O
éclatant	O
honneur	O
que	O
le	O
Ciel	O
nous	O
envoie	O
;	O
	
Et	O
loin	O
de	O
l'	O
effacer	O
par	O
de	O
lâches	O
soupirs	O
Joindre	O
pour	O
l'	O
obtenir	O
ses	O
voeux	O
à	O
mes	O
désirs	O
.	O
	
Que	O
s'	O
il	O
voit	O
que	O
mon	O
sang	O
ne	O
lui	O
soit	O
pas	O
utile	O
Qu'	O
il	O
baigne	O
alors	O
du	O
sien	O
les	O
cendres	O
de	O
la	O
ville	O
;	O
	
Pour	O
me	O
faire	O
un	O
spectacle	O
aussi	O
charmant	O
que	O
beau	O
Que	O
dessous	O
sa	O
ruine	O
il	O
s'	O
érige	O
un	O
tombeau	O
.	O
	
Que	O
sa	O
propre	O
défaite	O
égale	O
une	O
victoire	O
,	O
Et	O
que	O
même	O
en	O
tombant	O
il	O
se	O
couvre	O
de	O
gloire	O
.	O
	
C'	O
est	O
de	O
ce	O
noble	O
orgueil	O
qu'	O
il	O
se	O
doit	O
enflammer	O
,	O
Et	O
s'	O
il	O
veut	O
que	O
je	O
l'	O
aime	O
,	O
et	O
s'	O
il	O
ose	O
m'	O
aimer	O
.	O
	
Je	O
l'	O
aime	O
cependant	O
,	O
et	O
mon	O
humeur	O
sévère	O
En	O
faveur	O
de	O
la	O
soeur	O
a	O
fléchi	O
pour	O
le	O
frère	O
.	O
	
J'	O
avais	O
peine	O
à	O
souffrir	O
son	O
courage	O
bouillant	O
,	O
Volage	O
,	O
impérieux	O
,	O
inquiet	O
,	O
turbulent	O
.	O
	
Et	O
si	O
pour	O
son	O
amour	O
j'	O
eus	O
de	O
la	O
complaisance	O
,	O
C'	O
est	O
lors	O
que	O
sa	O
vertu	O
régla	O
sa	O
violence	O
.	O
	
Mais	O
je	O
le	O
haïrais	O
s'	O
il	O
fallait	O
qu'	O
aujourd'	O
hui	O
Nous	O
rougissions	O
du	O
feu	O
que	O
j'	O
ai	O
conçu	O
pour	O
lui	O
.	O
	
Pour	O
le	O
rendre	O
durable	O
autant	O
que	O
légitime	O
Il	O
faut	O
que	O
son	O
courage	O
égale	O
mon	O
estime	O
.	O
	
Si	O
tu	O
vois	O
chère	O
soeur	O
,	O
si	O
tu	O
vois	O
que	O
le	O
Roi	O
N'	O
ait	O
pas	O
sur	O
ce	O
sujet	O
mêmes	O
pensers	O
pour	O
toi	O
,	O
Imite	O
mon	O
exemple	O
,	O
et	O
pour	O
vivre	O
sans	O
blâme	O
Dépouille	O
cette	O
amour	O
qui	O
règne	O
dans	O
ton	O
âme	O
,	O
Et	O
si	O
pour	O
sa	O
vertu	O
tu	O
daignas	O
l'	O
y	O
placer	O
,	O
En	O
la	O
voyant	O
périr	O
tâche	O
de	O
l'	O
en	O
chasser	O
...	O
Hélas	O
!	O
	
Qu'	O
est-ce	O
ma	O
sour	O
?	O
	
Je	O
l'	O
aime	O
,	O
et	O
j'	O
en	O
soupire	O
,	O
Il	O
règne	O
dans	O
mon	O
coeur	O
comme	O
dans	O
cet	O
Empire	O
,	O
Et	O
malgré	O
mes	O
efforts	O
ce	O
Monarque	O
absolu	O
A	O
pris	O
plus	O
de	O
pouvoir	O
que	O
je	O
n'	O
aurais	O
voulu	O
.	O
	
Quoique	O
ce	O
coeur	O
soit	O
plein	O
de	O
cette	O
illustre	O
envie	O
Qui	O
fait	O
qu'	O
avec	O
plaisir	O
je	O
renonce	O
à	O
la	O
vie	O
;	O
	
Je	O
vois	O
ce	O
beau	O
désir	O
mêlé	O
de	O
quelque	O
ennui	O
,	O
Et	O
crains	O
également	O
pour	O
mon	O
frère	O
et	O
pour	O
lui	O
.	O
	
Quoi	O
?	O
	
Ma	O
soeur	O
,	O
est-ce	O
ainsi	O
qu'	O
on	O
renonce	O
à	O
la	O
gloire	O
?	O
	
Quoi	O
?	O
	
Veux-tu	O
sans	O
combat	O
me	O
céder	O
la	O
victoire	O
?	O
	
Ta	O
générosité	O
si	O
tôt	O
s'	O
évanouit	O
?	O
	
Et	O
loin	O
de	O
t'	O
éclairer	O
ton	O
amour	O
t'	O
éblouit	O
?	O
	
S'	O
il	O
te	O
souvient	O
ma	O
soeur	O
du	O
dessein	O
de	O
l'	O
Oracle	O
,	O
Ta	O
douleur	O
à	O
ta	O
gloire	O
est	O
un	O
puissant	O
obstacle	O
,	O
Il	O
veut	O
que	O
la	O
victime	O
approche	O
de	O
l'	O
Autel	O
,	O
Et	O
voie	O
avec	O
plaisir	O
tomber	O
le	O
coup	O
mortel	O
.	O
	
Je	O
le	O
vois	O
bien	O
,	O
ma	O
soeur	O
,	O
tu	O
seras	O
la	O
victime	O
,	O
Les	O
Dieux	O
ne	O
sauraient	O
faire	O
un	O
choix	O
plus	O
légitime	O
,	O
Je	O
ne	O
mérite	O
pas	O
une	O
si	O
belle	O
mort	O
,	O
Et	O
ce	O
n'	O
est	O
que	O
sur	O
toi	O
que	O
tombera	O
le	O
sort	O
.	O
	
Déjà	O
le	O
Temple	O
s'	O
ouvre	O
,	O
et	O
cet	O
Arrêt	O
sévère	O
Éclate	O
évidemment	O
sur	O
le	O
front	O
de	O
ton	O
père	O
.	O
	
Mon	O
père	O
,	O
qui	O
mourra	O
de	O
Mérope	O
ou	O
de	O
moi	O
?	O
	
Hélas	O
!	O
	
Vous	O
soupirez	O
.	O
	
Ô	O
rigoureuse	O
loi	O
!	O
	
Si	O
j'	O
ose	O
interpréter	O
ses	O
soupirs	O
et	O
sa	O
plainte	O
,	O
J'	O
y	O
vois	O
le	O
triste	O
effet	O
de	O
ma	O
trop	O
juste	O
crainte	O
,	O
Je	O
te	O
perds	O
,	O
chère	O
soeur	O
,	O
comme	O
je	O
l'	O
ai	O
prédit	O
.	O
	
Mon	O
père	O
,	O
est-ce	O
ma	O
mort	O
qui	O
vous	O
rend	O
interdit	O
?	O
	
Pouvez-vous	O
,	O
devenu	O
jaloux	O
de	O
ma	O
victoire	O
,	O
Par	O
une	O
injuste	O
plainte	O
en	O
effacer	O
la	O
gloire	O
?	O
	
Nos	O
maux	O
ne	O
seront	O
point	O
par	O
ton	O
sang	O
effacés	O
.	O
	
Non	O
,	O
ma	O
fille	O
,	O
le	O
Ciel	O
ne	O
t'	O
aime	O
pas	O
assez	O
.	O
	
Mérope	O
c'	O
est	O
pour	O
vous	O
que	O
le	O
sort	O
se	O
déclare	O
,	O
C'	O
est	O
à	O
vous	O
qu'	O
il	O
réserve	O
une	O
faveur	O
si	O
rare	O
.	O
	
Mais	O
bien	O
que	O
votre	O
sort	O
me	O
semble	O
noble	O
et	O
doux	O
Je	O
ne	O
puis	O
m'	O
empêcher	O
de	O
soupirer	O
pour	O
vous	O
,	O
Voyant	O
que	O
le	O
malheur	O
dont	O
elle	O
est	O
poursuivie	O
Doit	O
coûter	O
à	O
Messène	LOC-B
une	O
si	O
belle	O
vie	O
.	O
	
Ô	O
Ciel	O
!	O
	
Qu'	O
ai-je	O
entendu	O
?	O
	
Cet	O
Arrêt	O
me	O
surprend	O
,	O
Et	O
bien	O
que	O
préparée	O
à	O
ce	O
malheur	O
si	O
grand	O
Je	O
n'	O
en	O
puis	O
sans	O
frémir	O
entendre	O
la	O
nouvelle	O
.	O
	
Hé	O
quoi	O
?	O
	
Votre	O
vertu	O
vous	O
abandonne-t-elle	O
?	O
	
Suivre	O
des	O
sentiments	O
quand	O
vous	O
les	O
condamnez	O
,	O
C'	O
est	O
bien	O
mal	O
pratiquer	O
ce	O
que	O
vous	O
enseignez	O
:	O
Rendez-vous	O
à	O
vous-même	O
,	O
et	O
que	O
votre	O
courage	O
S'	O
oppose	O
fortement	O
à	O
ce	O
dernier	O
orage	O
.	O
	
Je	O
n'	O
ai	O
pu	O
de	O
mes	O
sens	O
vaincre	O
la	O
trahison	O
,	O
L'	O
amour	O
verse	O
ces	O
pleurs	O
,	O
et	O
non	O
pas	O
la	O
raison	O
,	O
Au	O
lieu	O
de	O
m'	O
en	O
blâmer	O
,	O
il	O
faut	O
que	O
l'	O
on	O
m'	O
en	O
loue	O
.	O
	
Si	O
mon	O
oeil	O
les	O
reprend	O
mon	O
coeur	O
les	O
désavoue	O
;	O
	
Et	O
malgré	O
moi	O
je	O
donne	O
en	O
cette	O
extrémité	O
Des	O
marques	O
de	O
tendresse	O
,	O
et	O
non	O
de	O
lâcheté	O
.	O
	
Non	O
je	O
ne	O
change	O
point	O
,	O
et	O
mon	O
âme	O
est	O
ravie	O
,	O
Qu'	O
un	O
si	O
beau	O
trépas	O
suive	O
une	O
si	O
belle	O
vie	O
;	O
	
Donc	O
puisqu'	O
il	O
plaît	O
aux	O
Dieux	O
va	O
généreuse	O
soeur	O
Recevoir	O
un	O
laurier	O
d'	O
immortelle	O
splendeur	O
,	O
Avec	O
moins	O
de	O
regret	O
je	O
perds	O
cette	O
Couronne	O
,	O
Puisque	O
le	O
Ciel	O
me	O
l'	O
ôte	O
afin	O
qu'	O
il	O
te	O
la	O
donne	O
.	O
	
Va	O
pendant	O
que	O
ta	O
soeur	O
d'	O
un	O
esprit	O
plus	O
remis	O
Partagera	O
ta	O
gloire	O
autant	O
qu'	O
il	O
est	O
permis	O
:	O
Si	O
ta	O
perte	O
nous	O
sauve	O
,	O
ainsi	O
que	O
j'	O
ose	O
croire	O
,	O
On	O
me	O
verra	O
jouir	O
du	O
fruit	O
de	O
ta	O
victoire	O
;	O
	
Non	O
je	O
ne	O
mourrai	O
point	O
,	O
mais	O
si	O
mon	O
cher	O
pays	O
Voit	O
son	O
plus	O
doux	O
espoir	O
et	O
nos	O
désirs	O
trahis	O
Alors	O
sans	O
plus	O
tarder	O
j'	O
irai	O
joindre	O
ton	O
ombre	O
,	O
Et	O
poussant	O
des	O
sanglots	O
et	O
des	O
soupirs	O
sans	O
nombre	O
,	O
Nous	O
n'	O
aurons	O
désormais	O
de	O
plus	O
doux	O
entretien	O
Que	O
celui	O
du	O
débris	O
du	O
nom	O
Messénien	O
.	O
	
Non	O
,	O
Sparte	LOC-B
n'	O
aura	O
pas	O
le	O
cruel	O
avantage	O
De	O
me	O
voir	O
soupirer	O
sous	O
un	O
triste	O
esclavage	O
,	O
Si	O
les	O
Messéniens	O
secondent	O
mes	O
desseins	O
Ils	O
ne	O
succomberont	O
que	O
par	O
leurs	O
propres	O
mains	O
.	O
	
De	O
grâce	O
espérons	O
mieux	O
de	O
la	O
bonté	O
céleste	O
;	O
	
Mon	O
trépas	O
n'	O
aura	O
point	O
de	O
suite	O
si	O
funeste	O
,	O
Si	O
mon	O
sang	O
n'	O
éteignait	O
la	O
colère	O
des	O
Dieux	O
D'	O
adorables	O
qu'	O
ils	O
sont	O
ils	O
seraient	O
odieux	O
.	O
	
C'	O
est	O
crime	O
d'	O
en	O
douter	O
,	O
ils	O
tiendront	O
leur	O
parole	O
.	O
	
Mais	O
dans	O
ce	O
doux	O
espoir	O
tout	O
ce	O
qui	O
me	O
console	O
C'	O
est	O
de	O
voir	O
que	O
l'	O
amour	O
,	O
dont	O
tu	O
brûles	O
pour	O
moi	O
,	O
Souffre	O
qu'	O
après	O
ma	O
mort	O
,	O
je	O
vive	O
encore	O
en	O
toi	O
.	O
	
Pour	O
mourir	O
pleinement	O
glorieuse	O
et	O
contente	O
Il	O
ne	O
me	O
restait	O
plus	O
que	O
cette	O
douce	O
attente	O
.	O
	
Mérope	O
,	O
en	O
me	O
voyant	O
de	O
douleur	O
transporté	O
Cachez	O
mieux	O
cet	O
excès	O
de	O
générosité	O
.	O
	
Votre	O
illustre	O
vertu	O
redouble	O
ici	O
ma	O
peine	O
,	O
Elle	O
me	O
fait	O
trop	O
voir	O
ce	O
que	O
perdra	O
Messène	LOC-B
,	O
Et	O
jusques	O
à	O
quel	O
point	O
va	O
le	O
courroux	O
des	O
Cieux	O
.	O
	
Puisqu'	O
il	O
faut	O
l'	O
apaiser	O
d'	O
un	O
sang	O
si	O
précieux	O
.	O
	
Dieux	O
!	O
	
Si	O
je	O
puis	O
choquer	O
vos	O
décrets	O
sans	O
blasphème	O
Vous	O
deviez	O
demander	O
celui	O
d'	O
Aristodème	O
.	O
	
Quoi	O
,	O
Seigneur	O
,	O
mon	O
bonheur	O
vous	O
fait	O
aussi	O
souffrir	O
Quand	O
la	O
faveur	O
du	O
Ciel	O
me	O
destine	O
à	O
mourir	O
,	O
Jaloux	O
d'	O
un	O
si	O
beau	O
sort	O
vous	O
me	O
portez	O
envie	O
.	O
	
Que	O
ne	O
puis-je	O
en	O
mourant	O
vous	O
conserver	O
la	O
vie	O
?	O
	
Messène	LOC-B
en	O
mon	O
trépas	O
ne	O
peut	O
perdre	O
que	O
moi	O
.	O
	
Mais	O
las	O
!	O
	
En	O
vous	O
perdant	O
elle	O
perdra	O
son	O
Roi	O
.	O
	
Votre	O
frère	O
ni	O
lui	O
dedans	O
cette	O
occurrence	O
N'	O
ont	O
pu	O
près	O
des	O
Autels	O
seconder	O
ma	O
constance	O
.	O
	
L'	O
esprit	O
de	O
tous	O
les	O
deux	O
tout	O
noble	O
et	O
grand	O
qu'	O
il	O
est	O
N'	O
a	O
pas	O
osé	O
du	O
son	O
voir	O
prononcer	O
l'	O
Arrêt	O
.	O
	
Pour	O
s'	O
en	O
instruire	O
enfin	O
l'	O
un	O
et	O
l'	O
autre	O
s'	O
avance	O
,	O
Je	O
vous	O
laisse	O
ce	O
soin	O
,	O
j'	O
évite	O
leur	O
présence	O
.	O
	
Et	O
je	O
cours	O
cependant	O
d'	O
un	O
pas	O
précipité	O
Remettre	O
les	O
esprits	O
d'	O
un	O
peuple	O
épouvanté	O
.	O
	
Aristodème	O
fuit	O
et	O
se	O
cache	O
à	O
ma	O
vue	O
,	O
Je	O
conçois	O
de	O
sa	O
fuite	O
un	O
soupçon	O
qui	O
me	O
tue	O
.	O
	
Qu'	O
en	O
croirai-je	O
moi-même	O
?	O
	
Et	O
qu'	O
en	O
dois-je	O
juger	O
?	O
	
Hélas	O
!	O
	
De	O
tous	O
côtés	O
j'	O
ai	O
de	O
quoi	O
m'	O
affliger	O
,	O
Ou	O
je	O
perds	O
une	O
soeur	O
,	O
ou	O
je	O
perds	O
une	O
amante	O
,	O
Tout	O
désir	O
m'	O
est	O
fatal	O
,	O
tout	O
succès	O
m'	O
épouvante	O
:	O
Cruelle	O
destinée	O
!	O
	
Ah	O
!	O
	
Ma	O
soeur	O
.	O
	
Ah	O
!	O
	
Ma	O
soeur	O
.	O
	
Leurs	O
visages	O
sont	O
peints	O
d'	O
une	O
égale	O
douleur	O
,	O
Et	O
dans	O
le	O
triste	O
excès	O
du	O
mal	O
qui	O
les	O
opprime	O
Je	O
ne	O
puis	O
discerner	O
qui	O
sera	O
la	O
victime	O
.	O
	
Hélas	O
!	O
	
Doncques	O
le	O
Ciel	O
vous	O
condamne	O
à	O
mourir	O
?	O
	
Est-ce	O
le	O
seul	O
moyen	O
qui	O
nous	O
peut	O
secourir	O
?	O
	
De	O
grâce	O
expliquez	O
mieux	O
mes	O
soupirs	O
et	O
mes	O
larmes	O
,	O
Dans	O
un	O
si	O
beau	O
trépas	O
je	O
trouverais	O
des	O
charmes	O
.	O
	
Il	O
serait	O
plein	O
pour	O
moi	O
de	O
gloire	O
et	O
de	O
douceur	O
,	O
Mais	O
tout	O
me	O
semble	O
horrible	O
en	O
celui	O
de	O
ma	O
soeur	O
,	O
C'	O
est	O
par	O
l'	O
arrêt	O
du	O
sort	O
qu'	O
elle	O
nous	O
est	O
ravie	O
,	O
Et	O
le	O
cruel	O
qu'	O
il	O
est	O
me	O
condamne	O
à	O
la	O
vie	O
.	O
	
Est-ce	O
à	O
ce	O
rude	O
coup	O
que	O
tu	O
m'	O
as	O
condamné	O
Grand	O
Dieu	O
?	O
	
Tombe	O
plutôt	O
ce	O
trône	O
infortuné	O
.	O
	
Que	O
dites-vous	O
,	O
Seigneur	O
?	O
	
Ah	O
!	O
	
Ma	O
soeur	O
,	O
ah	O
!	O
	
Princesse	O
.	O
	
Épargne	O
,	O
Alcidamas	O
,	O
la	O
douleur	O
qui	O
me	O
presse	O
.	O
	
Si	O
tu	O
m'	O
aimes	O
encor	O
,	O
si	O
tu	O
plains	O
mon	O
malheur	O
Viens	O
seconder	O
mes	O
soins	O
pour	O
conserver	O
ta	O
soeur	O
.	O
	
Adieu	O
,	O
Mérope	O
,	O
adieu	O
je	O
sens	O
que	O
mon	O
courage	O
Cède	O
insensiblement	O
à	O
ce	O
dernier	O
orage	O
;	O
	
Et	O
malgré	O
mon	O
effort	O
de	O
douleur	O
abattu	O
Voit	O
avec	O
déplaisir	O
chanceler	O
ma	O
vertu	O
.	O
	
Va	O
,	O
suis	O
l'	O
ordre	O
des	O
Dieux	O
,	O
que	O
rien	O
ne	O
te	O
retienne	O
,	O
Laisse-moi	O
ma	O
vertu	O
je	O
te	O
laisse	O
la	O
tienne	O
.	O
	
Quoi	O
?	O
	
Si	O
tôt	O
me	O
quitter	O
?	O
	
Arrête	O
encor	O
.	O
	
Hélas	O
!	O
	
Aime-moi	O
chère	O
soeur	O
,	O
même	O
après	O
le	O
trépas	O
.	O
	
Adieu	O
.	O
	
Prince	O
sur	O
moi	O
dans	O
un	O
coup	O
si	O
funeste	O
,	O
Tu	O
tiens	O
entre	O
tes	O
mains	O
tout	O
l'	O
espoir	O
qui	O
me	O
reste	O
.	O
	
Vous	O
voulez	O
donc	O
mourir	O
.	O
	
Grand	O
Prince	O
,	O
Qu'	O
est-ce	O
ci	O
?	O
	
Loin	O
de	O
me	O
consoler	O
vous	O
m'	O
affligez	O
aussi	O
?	O
	
Quand	O
le	O
Ciel	O
à	O
nos	O
voeux	O
devenu	O
plus	O
propice	O
Nous	O
retire	O
du	O
bord	O
d'	O
un	O
affreux	O
précipice	O
:	O
Est-ce	O
d'	O
un	O
oeil	O
si	O
triste	O
et	O
si	O
peu	O
satisfait	O
Que	O
l'	O
on	O
doit	O
recevoir	O
un	O
si	O
rare	O
bienfait	O
?	O
	
Ah	O
!	O
	
Reconnaissez	O
mieux	O
cette	O
faveur	O
insigne	O
,	O
En	O
paraître	O
affligé	O
serait	O
s'	O
en	O
rendre	O
indigne	O
;	O
	
Que	O
si	O
l'	O
amour	O
produit	O
un	O
si	O
bas	O
sentiment	O
Pour	O
être	O
meilleur	O
Roi	O
ne	O
soyez	O
plus	O
amant	O
.	O
	
Ou	O
bien	O
songez	O
pour	O
vaincre	O
un	O
si	O
dangereux	O
zèle	O
Que	O
je	O
ne	O
puis	O
tomber	O
d'	O
une	O
chute	O
plus	O
belle	O
.	O
	
Ni	O
subir	O
un	O
trépas	O
plus	O
noble	O
ni	O
plus	O
doux	O
,	O
Puisqu'	O
il	O
doit	O
conserver	O
et	O
votre	O
État	O
et	O
vous	O
.	O
	
Ah	O
!	O
	
Périsse	O
plutôt	O
mon	O
État	O
et	O
moi-même	O
,	O
J'	O
abandonne	O
pour	O
vous	O
et	O
sceptre	O
et	O
diadème	O
:	O
C'	O
est	O
un	O
pesant	O
fardeau	O
que	O
je	O
n'	O
ai	O
dû	O
porter	O
Qu'	O
autant	O
qu'	O
il	O
m'	O
a	O
servi	O
pour	O
vous	O
mieux	O
mériter	O
.	O
	
Par	O
ce	O
fidèle	O
aveu	O
jugez	O
s'	O
il	O
est	O
possible	O
Que	O
je	O
montre	O
à	O
ce	O
coup	O
un	O
courage	O
insensible	O
;	O
	
Quand	O
votre	O
mort	O
assure	O
et	O
ma	O
vie	O
et	O
mon	O
rang	O
,	O
Moi	O
je	O
refuserais	O
des	O
pleurs	O
à	O
ce	O
beau	O
sang	O
?	O
	
Plus	O
vous	O
me	O
témoignez	O
une	O
ardeur	O
si	O
fidèle	O
,	O
Plus	O
je	O
me	O
montrerais	O
indigne	O
de	O
ce	O
zèle	O
,	O
Plus	O
vous	O
le	O
signalez	O
en	O
ces	O
illustres	O
soins	O
;	O
	
Enfin	O
plus	O
vous	O
m'	O
aimez	O
,	O
je	O
vous	O
aimerais	O
moins	O
.	O
	
Il	O
faut	O
que	O
mon	O
amour	O
comme	O
le	O
vôtre	O
éclate	O
,	O
Si	O
le	O
Ciel	O
veut	O
qu'	O
ici	O
je	O
montre	O
une	O
âme	O
ingrate	O
,	O
S'	O
il	O
ose	O
condamner	O
des	O
sentiments	O
si	O
beaux	O
Qu'	O
il	O
garde	O
son	O
remède	O
et	O
nous	O
laisse	O
nos	O
maux	O
.	O
	
Craignez	O
que	O
sa	O
bonté	O
ne	O
se	O
change	O
en	O
colère	O
,	O
Ce	O
transport	O
violent	O
ne	O
peut	O
que	O
lui	O
déplaire	O
,	O
Si	O
vous	O
osez	O
,	O
Seigneur	O
,	O
résister	O
à	O
sa	O
loi	O
Vous	O
allez	O
perdre	O
et	O
vous	O
et	O
votre	O
peuple	O
et	O
moi	O
.	O
	
Au	O
lieu	O
qu'	O
en	O
subissant	O
cette	O
loi	O
souveraine	O
Je	O
puis	O
vous	O
conserver	O
,	O
aussi	O
bien	O
que	O
Messène	LOC-B
.	O
	
Il	O
ne	O
saurait	O
plus	O
loin	O
étendre	O
son	O
courroux	O
,	O
Qu'	O
importe	O
qu'	O
aujourd'	O
hui	O
tout	O
périsse	O
avec	O
vous	O
,	O
Vous	O
me	O
tenez	O
lieu	O
seule	O
et	O
de	O
peuple	O
et	O
d'	O
Empire	O
,	O
Si	O
je	O
vous	O
perds	O
mon	O
sort	O
ne	O
saurait	O
être	O
pire	O
.	O
	
Ce	O
n'	O
est	O
pas	O
que	O
je	O
veuille	O
empêcher	O
son	O
arrêt	O
,	O
Je	O
le	O
respecte	O
encor	O
à	O
cause	O
qu'	O
il	O
vous	O
plaît	O
.	O
	
Suivez	O
votre	O
destin	O
,	O
je	O
vous	O
laisse	O
à	O
vous-même	O
,	O
Voyez	O
,	O
belle	O
Princesse	O
,	O
à	O
quel	O
point	O
je	O
vous	O
aime	O
;	O
	
Je	O
veux	O
vous	O
imitant	O
devenir	O
généreux	O
,	O
Il	O
veut	O
une	O
victime	O
,	O
et	O
j'	O
en	O
veux	O
offrir	O
deux	O
.	O
	
Me	O
voici	O
résolu	O
de	O
ne	O
pas	O
vous	O
survivre	O
,	O
Au	O
moins	O
ne	O
m'	O
a-t-il	O
pas	O
défendu	O
de	O
vous	O
suivre	O
,	O
Et	O
si	O
je	O
m'	O
en	O
souviens	O
son	O
arrêt	O
rigoureux	O
Ne	O
m'	O
ôte	O
pas	O
l'	O
espoir	O
qui	O
reste	O
aux	O
malheureux	O
.	O
	
Choisissant	O
votre	O
sang	O
mon	O
trépas	O
lui	O
doit	O
plaire	O
,	O
L'	O
amour	O
qui	O
nous	O
unit	O
l'	O
a	O
rendu	O
nécessaire	O
,	O
Et	O
le	O
Ciel	O
qui	O
vous	O
perd	O
par	O
la	O
bouche	O
du	O
sort	O
,	O
Avec	O
le	O
même	O
Arrêt	O
me	O
condamne	O
à	O
la	O
mort	O
.	O
	
Il	O
faut	O
pour	O
me	O
sauver	O
qu'	O
il	O
en	O
choisisse	O
un	O
autre	O
.	O
	
Donc	O
le	O
fruit	O
de	O
ma	O
mort	O
va	O
périr	O
par	O
la	O
vôtre	O
?	O
	
Mon	O
sort	O
en	O
vous	O
quittant	O
me	O
semblait	O
assez	O
doux	O
Quand	O
j'	O
osais	O
espérer	O
que	O
je	O
mourrais	O
pour	O
vous	O
,	O
Mais	O
par	O
vos	O
cruautés	O
ma	O
mort	O
perd	O
tous	O
ses	O
charmes	O
.	O
	
Vous	O
en	O
devriez	O
trouver	O
dans	O
la	O
fin	O
de	O
mes	O
larmes	O
,	O
Et	O
sachant	O
que	O
la	O
mort	O
en	O
doit	O
borner	O
le	O
cours	O
Ne	O
vous	O
pas	O
obstiner	O
à	O
prolonger	O
mes	O
jours	O
,	O
Est-ce	O
m'	O
aimer	O
?	O
	
Voyez	O
où	O
l'	O
amour	O
m'	O
a	O
réduite	O
.	O
	
J'	O
abhorre	O
mon	O
trépas	O
quand	O
j'	O
en	O
prévois	O
la	O
suite	O
.	O
	
Trop	O
sensible	O
pour	O
vous	O
,	O
insensible	O
pour	O
moi	O
,	O
Je	O
vois	O
le	O
mien	O
sans	O
peur	O
,	O
le	O
vôtre	O
avec	O
effroi	O
.	O
	
Qu'	O
ai-je	O
dit	O
?	O
	
Je	O
le	O
dois	O
avouer	O
à	O
ma	O
honte	O
,	O
Messène	LOC-B
est	O
la	O
plus	O
faible	O
,	O
et	O
mon	O
feu	O
la	O
surmonte	O
,	O
Voyant	O
que	O
mon	O
trépas	O
vous	O
va	O
faire	O
périr	O
,	O
Oubliant	O
mon	O
pays	O
j'	O
ai	O
regret	O
de	O
mourir	O
.	O
	
Êtes-vous	O
satisfait	O
de	O
cet	O
aveu	O
si	O
lâche	O
?	O
	
Je	O
souffre	O
pour	O
vous	O
seul	O
cette	O
honteuse	O
tache	O
,	O
Pour	O
vous	O
seul	O
je	O
me	O
rends	O
par	O
ce	O
zèle	O
obstiné	O
Indigne	O
de	O
l'	O
honneur	O
qui	O
m'	O
était	O
destiné	O
.	O
	
Que	O
cet	O
aveu	O
charmant	O
serait	O
digne	O
d'	O
estime	O
S'	O
il	O
obligeait	O
les	O
Dieux	O
à	O
changer	O
de	O
victime	O
,	O
Et	O
si	O
pour	O
ce	O
beau	O
sang	O
qu'	O
ils	O
exigent	O
de	O
nous	O
Ou	O
le	O
mien	O
ou	O
tout	O
autre	O
apaisait	O
leur	O
courroux	O
.	O
	
Votre	O
amour	O
vous	O
aveugle	O
,	O
et	O
sait	O
mal	O
se	O
défendre	O
,	O
D'	O
une	O
indigne	O
pitié	O
qui	O
tâche	O
à	O
vous	O
surprendre	O
,	O
Si	O
ce	O
coeur	O
amoureux	O
a	O
bien	O
pu	O
surmonter	O
L'	O
extrême	O
déplaisir	O
que	O
j'	O
ai	O
de	O
vous	O
quitter	O
.	O
	
Quand	O
de	O
lâches	O
pensers	O
vous	O
défendent	O
de	O
vivre	O
Résistez	O
au	O
transport	O
qui	O
vous	O
force	O
à	O
me	O
suivre	O
.	O
	
J'	O
acquerrai	O
de	O
la	O
gloire	O
en	O
cherchant	O
le	O
trépas	O
.	O
	
Mais	O
la	O
vôtre	O
redouble	O
en	O
ne	O
me	O
suivant	O
pas	O
.	O
	
Adieu	O
.	O
	
Vous	O
me	O
quittez	O
.	O
	
Prince	O
il	O
faut	O
s'	O
y	O
résoudre	O
.	O
	
Elle	O
part	O
,	O
je	O
la	O
perds	O
,	O
ô	O
dernier	O
coup	O
de	O
foudre	O
Je	O
ne	O
puis	O
résister	O
à	O
ton	O
cruel	O
effort	O
,	O
Et	O
je	O
tombe	O
déjà	O
par	O
la	O
peur	O
de	O
sa	O
mort	O
.	O
	
Douleurs	O
,	O
justes	O
douleurs	O
accablez	O
mon	O
courage	O
,	O
Et	O
par	O
un	O
trait	O
mortel	O
achevez	O
votre	O
ouvrage	O
.	O
	
Quoi	O
?	O
	
Mérope	O
est	O
sauvée	O
!	O
	
Elle	O
ne	O
mourra	O
pas	O
?	O
	
Que	O
dans	O
ce	O
changement	O
je	O
rencontre	O
d'	O
appas	O
?	O
	
Ignoriez-vous	O
encor	O
cet	O
important	O
mystère	O
?	O
	
Tout	O
le	O
monde	O
l'	O
a	O
su	O
.	O
	
Quoi	O
?	O
	
Qu'	O
Ismire	O
est	O
sa	O
mère	O
.	O
	
Quoi	O
?	O
	
La	O
Prêtresse	O
Ismire	O
?	O
	
On	O
a	O
longtemps	O
couvert	O
Aux	O
yeux	O
de	O
tout	O
le	O
monde	O
un	O
crime	O
qui	O
la	O
perd	O
.	O
	
Sachez	O
donc	O
un	O
secret	O
caché	O
par	O
son	O
silence	O
.	O
	
Ismire	O
ne	O
pouvant	O
sauver	O
son	O
innocence	O
,	O
D'	O
un	O
hymen	O
contracté	O
contre	O
un	O
vou	O
solennel	O
,	O
Et	O
n'	O
osant	O
publier	O
cet	O
acte	O
criminel	O
,	O
Pour	O
sauver	O
d'	O
un	O
affront	O
Ismire	O
et	O
sa	O
famille	O
,	O
Lisciscus	O
avoua	O
Mérope	O
pour	O
sa	O
fille	O
,	O
L'	O
assura	O
dans	O
sa	O
mort	O
,	O
et	O
depuis	O
son	O
trépas	O
Elle	O
a	O
passé	O
pour	O
soeur	O
du	O
Prince	O
Alcidamas	O
.	O
	
Mais	O
Ismire	O
voyant	O
qu'	O
on	O
l'	O
offrait	O
pour	O
victime	O
,	O
A	O
cru	O
que	O
son	O
silence	O
augmenterait	O
son	O
crime	O
,	O
Son	O
zèle	O
et	O
sa	O
pitié	O
nous	O
dessillent	O
les	O
yeux	O
.	O
	
Ton	O
amour	O
a	O
formé	O
ce	O
projet	O
glorieux	O
Fidèle	O
Alcidamas	O
,	O
pour	O
ce	O
bienfait	O
extrême	O
Que	O
ne	O
te	O
dois-je	O
point	O
?	O
	
Il	O
s'	O
est	O
servi	O
lui-même	O
,	O
Il	O
a	O
sauvé	O
sa	O
soeur	O
,	O
et	O
sachez	O
qu'	O
aujourd'	O
hui	O
Épébole	O
a	O
moins	O
fait	O
,	O
mais	O
plus	O
osé	O
que	O
lui	O
.	O
	
Cet	O
étranger	O
.	O
	
Enfin	O
votre	O
discours	O
m'	O
offense	O
,	O
Épébole	O
est	O
trop	O
cher	O
à	O
votre	O
confidence	O
,	O
Sitôt	O
qu'	O
Alcidamas	O
s'	O
offre	O
à	O
mon	O
souvenir	O
Avec	O
votre	O
inconnu	O
voulez-vous	O
l'	O
en	O
bannir	O
?	O
	
Il	O
mérite	O
beaucoup	O
,	O
et	O
je	O
ne	O
m'	O
en	O
puis	O
taire	O
.	O
	
Alcmène	O
,	O
ce	O
discours	O
peut	O
enfin	O
me	O
déplaire	O
,	O
Croyez-en	O
davantage	O
,	O
et	O
nous	O
en	O
dites	O
moins	O
.	O
	
Pauvre	O
Prince	O
,	O
qu'	O
en	O
vain	O
je	O
te	O
donne	O
mes	O
soins	O
.	O
	
Mais	O
que	O
fait-on	O
au	O
Temple	O
?	O
	
On	O
voit	O
la	O
populace	O
,	O
Ne	O
sachant	O
par	O
quel	O
sang	O
détourner	O
la	O
menace	O
Qui	O
dans	O
tout	O
ce	O
pays	O
a	O
porté	O
la	O
terreur	O
,	O
Se	O
couvrir	O
de	O
tristesse	O
et	O
pâlir	O
de	O
frayeur	O
.	O
	
Parmi	O
tant	O
d'	O
affligés	O
que	O
fait	O
Aristodème	O
?	O
	
Mais	O
il	O
vient	O
.	O
	
Je	O
la	O
vois	O
;	O
	
mon	O
coeur	O
c'	O
est	O
elle-même	O
,	O
Fuyons	O
,	O
fuyons	O
ses	O
yeux	O
,	O
perdons-la	O
sans	O
la	O
voir	O
:	O
Mais	O
plutôt	O
à	O
ses	O
yeux	O
faisons	O
notre	O
devoir	O
.	O
	
Hé	O
!	O
	
bien	O
Seigneur	O
,	O
les	O
Dieux	O
nous	O
ont	O
fait	O
grâce	O
entière	O
,	O
Leur	O
extrême	O
bonté	O
répond	O
à	O
ma	O
prière	O
.	O
	
Ma	O
soeur	O
ne	O
mourra	O
point	O
;	O
	
que	O
ce	O
succès	O
est	O
doux	O
.	O
	
Il	O
l'	O
est	O
pour	O
toi	O
ma	O
fille	O
,	O
et	O
ne	O
l'	O
est	O
pas	O
pour	O
tous	O
.	O
	
Il	O
doit	O
l'	O
être	O
,	O
Seigneur	O
,	O
puisqu'	O
il	O
est	O
légitime	O
,	O
Nous	O
nous	O
acquitterons	O
par	O
une	O
autre	O
victime	O
.	O
	
Oui	O
,	O
sans	O
plus	O
consulter	O
sur	O
ce	O
choix	O
important	O
,	O
Je	O
t'	O
apprends	O
que	O
c'	O
est	O
toi	O
que	O
cet	O
honneur	O
attend	O
.	O
	
Cette	O
grâce	O
,	O
Seigneur	O
,	O
surpasse	O
la	O
première	O
.	O
	
Mais	O
le	O
vouloir	O
des	O
Dieux	O
se	O
perd	O
dans	O
la	O
dernière	O
.	O
	
Ils	O
demandent	O
du	O
sang	O
,	O
mais	O
par	O
la	O
main	O
du	O
sort	O
Et	O
de	O
ma	O
propre	O
main	O
je	O
te	O
livre	O
à	O
la	O
mort	O
.	O
	
Ah	O
!	O
	
Lâche	O
,	O
soutiens	O
mieux	O
la	O
grandeur	O
de	O
ton	O
zèle	O
,	O
Si	O
c'	O
est	O
dessein	O
pour	O
toi	O
,	O
c'	O
est	O
un	O
hasard	O
pour	O
elle	O
.	O
	
Non	O
,	O
je	O
l'	O
avais	O
prévu	O
,	O
ne	O
me	O
dérobez	O
rien	O
,	O
Sachez	O
que	O
votre	O
choix	O
ne	O
prévient	O
pas	O
le	O
mien	O
.	O
	
Quand	O
aux	O
Dieux	O
,	O
pour	O
ma	O
soeur	O
,	O
j'	O
osais	O
demander	O
grâce	O
,	O
Je	O
leur	O
offrais	O
un	O
sang	O
qui	O
peut	O
remplir	O
sa	O
place	O
.	O
	
Il	O
est	O
vrai	O
que	O
du	O
sort	O
je	O
tiens	O
ce	O
beau	O
trépas	O
,	O
Puisque	O
c'	O
est	O
un	O
bonheur	O
que	O
je	O
n'	O
espérais	O
pas	O
.	O
	
Grâces	O
aux	O
immortels	O
,	O
qui	O
pour	O
se	O
satisfaire	O
Aux	O
désirs	O
de	O
la	O
fille	O
ajoutent	O
ceux	O
du	O
père	O
.	O
	
Hélas	O
!	O
	
Vous	O
soupirez	O
,	O
est-ce	O
pour	O
nos	O
malheurs	O
?	O
	
Est-ce	O
pour	O
une	O
mort	O
qui	O
doit	O
tarir	O
nos	O
pleurs	O
?	O
	
La	O
nue	O
est	O
sur	O
le	O
point	O
de	O
crever	O
sur	O
nos	O
têtes	O
,	O
Et	O
je	O
cours	O
au-devant	O
de	O
ses	O
noires	O
tempêtes	O
,	O
Je	O
suis	O
entre	O
la	O
foudre	O
et	O
les	O
Messéniens	O
,	O
Et	O
prête	O
d'	O
éclater	O
seule	O
je	O
la	O
retiens	O
.	O
	
Pourrai-je	O
de	O
mes	O
jours	O
faire	O
un	O
plus	O
digne	O
usage	O
Qu'	O
en	O
les	O
sacrifiant	O
à	O
ce	O
noble	O
avantage	O
?	O
	
Puis-je	O
aller	O
à	O
la	O
mort	O
par	O
un	O
chemin	O
plus	O
beau	O
Qu'	O
en	O
cherchant	O
sur	O
l'	O
autel	O
un	O
illustre	O
tombeau	O
?	O
	
Ah	O
!	O
	
Ma	O
fille	O
,	O
ah	O
!	O
	
Mon	O
sang	O
,	O
souffre	O
que	O
je	O
t'	O
embrasse	O
,	O
Que	O
tu	O
vas	O
élever	O
l'	O
honneur	O
de	O
notre	O
race	O
?	O
	
Pardonne	O
des	O
soupirs	O
,	O
pardonne-moi	O
des	O
pleurs	O
Témoins	O
de	O
ta	O
vertu	O
,	O
mieux	O
que	O
de	O
mes	O
douleurs	O
.	O
	
J'	O
ai	O
voulu	O
découvrir	O
quelle	O
est	O
ton	O
assurance	O
,	O
Par	O
un	O
trait	O
de	O
faiblesse	O
éprouver	O
ta	O
constance	O
;	O
	
Et	O
par	O
l'	O
impression	O
de	O
ces	O
soupirs	O
forcés	O
Voir	O
si	O
tes	O
nobles	O
voeux	O
pourraient	O
être	O
effacés	O
.	O
	
Mais	O
je	O
le	O
reconnais	O
,	O
ô	O
sang	O
d'	O
Aristodème	O
,	O
La	O
nièce	O
d'	O
Épytus	O
sera	O
toujours	O
la	O
même	O
.	O
	
Je	O
te	O
vois	O
maintenant	O
aller	O
d'	O
un	O
front	O
égal	O
Sur	O
les	O
Autels	O
des	O
Dieux	O
souffrir	O
le	O
coup	O
fatal	O
.	O
	
Par	O
un	O
beau	O
sacrifice	O
arrêter	O
le	O
tonnerre	O
,	O
Et	O
noyer	O
dans	O
ton	O
sang	O
le	O
flambeau	O
de	O
la	O
guerre	O
.	O
	
Soupçons	O
,	O
et	O
vous	O
soupirs	O
à	O
mon	O
coeur	O
échappés	O
Je	O
vous	O
vois	O
maintenant	O
heureusement	O
trompés	O
.	O
	
Oui	O
,	O
sans	O
que	O
de	O
ma	O
part	O
vous	O
craigniez	O
quelque	O
obstacle	O
Vous	O
pouvez	O
hardiment	O
me	O
promettre	O
à	O
l'	O
Oracle	O
.	O
	
Je	O
saurai	O
comme	O
il	O
faut	O
dégager	O
votre	O
foi	O
,	O
Et	O
l'	O
on	O
doit	O
s'	O
assurer	O
et	O
de	O
vous	O
et	O
de	O
moi	O
.	O
	
Hélas	O
!	O
	
Ta	O
fermeté	O
me	O
surprend	O
et	O
m'	O
étonne	O
.	O
	
Voyant	O
tant	O
de	O
vertu	O
,	O
la	O
mienne	O
m'	O
abandonne	O
,	O
Et	O
ma	O
gloire	O
indignée	O
a	O
peine	O
à	O
m'	O
arracher	O
Le	O
désir	O
d'	O
un	O
honneur	O
qui	O
me	O
coûte	O
si	O
cher	O
.	O
	
Mais	O
,	O
sentiments	O
d'	O
un	O
coeur	O
à	O
soi-même	O
infidèle	O
,	O
Mourez	O
,	O
mourez	O
de	O
honte	O
,	O
et	O
respectez	O
mon	O
zèle	O
;	O
	
C'	O
est	O
dedans	O
ce	O
combat	O
que	O
vous	O
devez	O
périr	O
,	O
Et	O
c'	O
est	O
vaincre	O
pour	O
vous	O
que	O
d'	O
y	O
savoir	O
mourir	O
;	O
	
Je	O
cours	O
ravir	O
le	O
peuple	O
,	O
et	O
par	O
cette	O
nouvelle	O
Lui	O
faire	O
ressentir	O
les	O
effets	O
de	O
mon	O
zèle	O
.	O
	
Après	O
ce	O
grand	O
effort	O
prends	O
mes	O
derniers	O
adieux	O
,	O
Je	O
ne	O
te	O
verrai	O
plus	O
qu'	O
entre	O
les	O
mains	O
des	O
Dieux	O
.	O
	
Ah	O
!	O
	
Madame	O
,	O
est-ce	O
là	O
cette	O
belle	O
journée	O
Qui	O
devait	O
achever	O
cet	O
heureux	O
hyménée	O
?	O
	
Aimable	O
Alcidamas	O
!	O
	
Je	O
te	O
perds	O
et	O
te	O
plains	O
,	O
Insensible	O
à	O
mon	O
mal	O
c'	O
est	O
pour	O
toi	O
que	O
je	O
crains	O
,	O
Que	O
si	O
dans	O
cette	O
mort	O
je	O
trouve	O
quelques	O
charmes	O
Souviens-toi	O
qu'	O
en	O
mourant	O
je	O
te	O
donne	O
des	O
larmes	O
.	O
	
Mais	O
il	O
vient	O
,	O
et	O
la	O
joie	O
éclate	O
sur	O
son	O
front	O
.	O
	
Hélas	O
!	O
	
Qu'	O
il	O
va	O
souffrir	O
d'	O
un	O
changement	O
si	O
prompt	O
.	O
	
D'	O
où	O
te	O
vient	O
ce	O
transport	O
,	O
et	O
quel	O
Dieu	O
te	O
l'	O
envoie	O
?	O
	
Vous	O
pouvez	O
aisément	O
expliquer	O
cette	O
joie	O
,	O
Sachant	O
que	O
nul	O
bonheur	O
n'	O
a	O
droit	O
de	O
me	O
ravir	O
,	O
Que	O
celui	O
seulement	O
que	O
j'	O
ai	O
de	O
vous	O
servir	O
.	O
	
Les	O
Dieux	O
sauvent	O
Mérope	O
et	O
se	O
lavent	O
du	O
crime	O
D'	O
avoir	O
contre	O
vos	O
voeux	O
choisi	O
cette	O
victime	O
.	O
	
Il	O
est	O
vrai	O
qu'	O
à	O
ce	O
bien	O
mêlant	O
quelque	O
rigueur	O
En	O
servant	O
mon	O
amour	O
ils	O
m'	O
ôtent	O
une	O
soeur	O
,	O
Puisque	O
pour	O
la	O
sauver	O
d'	O
un	O
trépas	O
nécessaire	O
Il	O
a	O
fallu	O
qu'	O
Ismire	O
ait	O
passé	O
pour	O
sa	O
mère	O
.	O
	
Son	O
mérite	O
chez	O
toi	O
lui	O
rend	O
son	O
premier	O
rang	O
,	O
Mais	O
puisqu'	O
enfin	O
les	O
Dieux	O
veulent	O
un	O
autre	O
sang	O
,	O
Afin	O
de	O
m'	O
acquitter	O
de	O
ce	O
bienfait	O
extrême	O
,	O
Si	O
je	O
t'	O
ôte	O
une	O
soeur	O
je	O
me	O
donne	O
moi-même	O
.	O
	
Princesse	O
à	O
quel	O
bonheur	O
...	O
Si	O
proche	O
du	O
trépas	O
En	O
te	O
faisant	O
ce	O
don	O
je	O
ne	O
rougirai	O
pas	O
.	O
	
Vous	O
parlez	O
de	O
mourir	O
quand	O
vous	O
me	O
faites	O
grâce	O
.	O
	
Mérope	O
étant	O
sauvée	O
,	O
il	O
faut	O
remplir	O
sa	O
place	O
.	O
	
J'	O
ai	O
su	O
mettre	O
à	O
couvert	O
des	O
jours	O
si	O
précieux	O
,	O
Étant	O
seule	O
du	O
sang	O
que	O
demandent	O
nos	O
Dieux	O
,	O
On	O
ne	O
peut	O
par	O
le	O
sort	O
satisfaire	O
à	O
l'	O
Oracle	O
.	O
	
Mon	O
zèle	O
généreux	O
a	O
levé	O
cet	O
obstacle	O
.	O
	
Quoi	O
,	O
Madame	O
,	O
quel	O
zèle	O
est	O
injuste	O
à	O
ce	O
point	O
D'	O
offrir	O
aux	O
Dieux	O
un	O
sang	O
qu'	O
ils	O
ne	O
demandent	O
point	O
?	O
	
Ce	O
zèle	O
est	O
,	O
comme	O
aux	O
Dieux	O
,	O
à	O
moi-même	O
fidèle	O
,	O
De	O
leur	O
ôter	O
ta	O
soeur	O
et	O
de	O
m'	O
offrir	O
pour	O
elle	O
.	O
	
Avez-vous	O
résolu	O
d'	O
éprouver	O
mon	O
amour	O
?	O
	
Le	O
salut	O
de	O
Mérope	O
a	O
mis	O
ta	O
flamme	O
au	O
jour	O
,	O
Elle	O
paraît	O
assez	O
dans	O
ce	O
bienfait	O
extrême	O
.	O
	
Appelez-vous	O
bienfait	O
ce	O
qui	O
vous	O
perd	O
vous-même	O
?	O
	
Mais	O
pour	O
vous	O
conserver	O
j'	O
irai	O
tout	O
découvrir	O
,	O
Et	O
Mérope	O
est	O
ma	O
soeur	O
si	O
vous	O
voulez	O
mourir	O
.	O
	
On	O
ne	O
nous	O
trompe	O
pas	O
avec	O
cet	O
artifice	O
.	O
	
Me	O
traitez-vous	O
,	O
Madame	O
,	O
avec	O
tant	O
d'	O
injustice	O
?	O
	
Donc	O
je	O
vous	O
ai	O
perdue	O
,	O
au	O
lieu	O
de	O
vous	O
sauver	O
?	O
	
Et	O
par	O
le	O
même	O
soin	O
qui	O
vous	O
doit	O
conserver	O
.	O
	
Donc	O
de	O
ma	O
propre	O
main	O
j'	O
immole	O
ma	O
Princesse	O
,	O
Pour	O
sauver	O
une	O
soeur	O
je	O
perds	O
une	O
maîtresse	O
?	O
	
Et	O
pour	O
me	O
mettre	O
encor	O
au	O
point	O
de	O
tout	O
souffrir	O
Vous	O
vous	O
donnez	O
à	O
moi	O
quand	O
vous	O
allez	O
mourir	O
.	O
	
Si	O
cet	O
aveu	O
vous	O
rend	O
digne	O
de	O
cette	O
peine	O
,	O
Reprenez	O
votre	O
amour	O
,	O
laissez-moi	O
votre	O
haine	O
.	O
	
Que	O
sous	O
le	O
poids	O
mortel	O
de	O
mille	O
déplaisirs	O
Ce	O
coeur	O
.	O
	
Épargnez-moi	O
d'	O
inutiles	O
soupirs	O
,	O
Qui	O
ne	O
servant	O
ici	O
qu'	O
à	O
souiller	O
ma	O
mémoire	O
N'	O
empêchent	O
pas	O
ma	O
mort	O
,	O
et	O
m'	O
en	O
ôtent	O
la	O
gloire	O
.	O
	
Ah	O
!	O
	
Vous	O
ne	O
mourrez	O
point	O
.	O
	
Que	O
tous	O
les	O
immortels	O
Soient	O
plutôt	O
sans	O
victime	O
ainsi	O
que	O
sans	O
Autels	O
,	O
Que	O
nos	O
fiers	O
ennemis	O
dessous	O
leur	O
tyrannie	O
Fassent	O
plutôt	O
gémir	O
toute	O
la	O
Messénie	LOC-B
;	O
	
Que	O
ce	O
mont	O
ébranlé	O
par	O
mille	O
tremblements	O
Se	O
renverse	O
sur	O
moi	O
jusqu'	O
à	O
ses	O
fondements	O
;	O
	
Et	O
pour	O
tout	O
hasarder	O
dans	O
ce	O
péril	O
extrême	O
Que	O
vous	O
me	O
haïssiez	O
autant	O
que	O
je	O
vous	O
aime	O
.	O
	
Ne	O
vous	O
étonnez	O
pas	O
d'	O
un	O
désordre	O
si	O
grand	O
,	O
Alors	O
que	O
je	O
vous	O
perds	O
tout	O
m'	O
est	O
indifférent	O
.	O
	
Pardonnez	O
toutefois	O
à	O
mon	O
dernier	O
blasphème	O
,	O
Si	O
j'	O
ose	O
en	O
vous	O
perdant	O
m'	O
aigrir	O
contre	O
moi-même	O
,	O
Dépiter	O
tous	O
les	O
Dieux	O
,	O
défier	O
leur	O
courroux	O
,	O
Ma	O
fureur	O
ne	O
doit	O
pas	O
aller	O
jusques	O
à	O
vous	O
.	O
	
Elle	O
ose	O
toutefois	O
pour	O
ternir	O
ma	O
mémoire	O
Arrêter	O
un	O
dessein	O
qui	O
me	O
couvre	O
de	O
gloire	O
;	O
	
Quoi	O
?	O
	
Lâche	O
Alcidamas	O
,	O
tu	O
voudrais	O
empêcher	O
Un	O
trépas	O
que	O
l'	O
honneur	O
me	O
doit	O
rendre	O
si	O
cher	O
?	O
	
Le	O
salut	O
du	O
pays	O
,	O
le	O
vou	O
d'	O
Aristodème	O
M'	O
y	O
forceraient	O
sans	O
doute	O
en	O
dépit	O
de	O
moi-même	O
.	O
	
Quand	O
la	O
compassion	O
de	O
tes	O
tendres	O
soupirs	O
Me	O
pourrait	O
inspirer	O
de	O
contraires	O
désirs	O
.	O
	
Quoi	O
?	O
	
Votre	O
père	O
même	O
,	O
ah	O
!	O
	
Fatale	O
aventure	O
,	O
Ingrat	O
à	O
mon	O
amour	O
autant	O
qu'	O
à	O
la	O
nature	O
.	O
	
Lui	O
qui	O
doit	O
être	O
ici	O
mon	O
unique	O
secours	O
À	O
la	O
fureur	O
des	O
Dieux	O
abandonne	O
vos	O
jours	O
.	O
	
Voyez	O
jusqu'	O
où	O
le	O
Ciel	O
fait	O
monter	O
sa	O
colère	O
.	O
	
Afin	O
de	O
me	O
punir	O
tout	O
me	O
devient	O
contraire	O
,	O
Il	O
nous	O
fait	O
voir	O
le	O
sang	O
armé	O
contre	O
le	O
sang	O
,	O
Et	O
se	O
sert	O
de	O
moi-même	O
à	O
me	O
percer	O
le	O
flanc	O
.	O
	
Mais	O
malgré	O
tous	O
les	O
Dieux	O
,	O
votre	O
père	O
et	O
moi-même	O
Seul	O
je	O
vous	O
sauverai	O
de	O
ce	O
péril	O
extrême	O
.	O
	
J'	O
irai	O
sur	O
les	O
Autels	O
signaler	O
ma	O
douleur	O
,	O
J'	O
irai	O
vous	O
arracher	O
au	O
Sacrificateur	O
,	O
Et	O
de	O
quelque	O
façon	O
que	O
ce	O
coup	O
réussisse	O
J'	O
irai	O
par	O
mille	O
morts	O
troubler	O
le	O
sacrifice	O
.	O
	
On	O
verra	O
par	O
l'	O
effort	O
d'	O
un	O
amour	O
furieux	O
Sous	O
des	O
autels	O
brisés	O
les	O
images	O
des	O
Dieux	O
.	O
	
Et	O
ces	O
cruels	O
tyrans	O
qu'	O
on	O
peint	O
avec	O
la	O
foudre	O
Renversés	O
de	O
leur	O
trône	O
et	O
cachés	O
sous	O
la	O
poudre	O
.	O
	
Ah	O
!	O
	
Ne	O
t'	O
emporte	O
point	O
à	O
ces	O
lâches	O
douleurs	O
,	O
Et	O
par	O
ton	O
désespoir	O
n'	O
accrois	O
point	O
nos	O
malheurs	O
;	O
	
Si	O
tu	O
dois	O
trébucher	O
tombe	O
au	O
moins	O
avec	O
gloire	O
,	O
Que	O
ton	O
sang	O
soit	O
le	O
prix	O
d'	O
une	O
illustre	O
victoire	O
,	O
Ou	O
plutôt	O
souviens-toi	O
que	O
je	O
porte	O
en	O
ce	O
flanc	O
De	O
quoi	O
fléchir	O
les	O
Dieux	O
sans	O
y	O
mêler	O
ton	O
sang	O
,	O
Et	O
que	O
tous	O
deux	O
vainqueurs	O
du	O
malheur	O
où	O
nous	O
sommes	O
J'	O
apaiserai	O
les	O
Dieux	O
quand	O
tu	O
vaincras	O
les	O
hommes	O
.	O
	
Vis	O
doncques	O
pour	O
ta	O
gloire	O
,	O
et	O
malgré	O
ta	O
douleur	O
Laisse-nous	O
un	O
espoir	O
fondé	O
sur	O
ta	O
valeur	O
,	O
Et	O
ne	O
nous	O
ôte	O
pas	O
par	O
une	O
mort	O
cruelle	O
Les	O
effets	O
de	O
ma	O
mort	O
,	O
et	O
le	O
fruit	O
de	O
mon	O
zèle	O
.	O
	
Si	O
le	O
respect	O
des	O
Dieux	O
,	O
si	O
l'	O
amour	O
de	O
ton	O
Roi	O
N'	O
empêchent	O
pas	O
ta	O
mort	O
,	O
vis	O
pour	O
l'	O
amour	O
de	O
moi	O
.	O
	
Ah	O
!	O
	
Pitié	O
rigoureuse	O
!	O
	
Ah	O
!	O
	
Cruelle	O
tendresse	O
!	O
	
Qu'	O
ai-je	O
fait	O
contre	O
vous	O
trop	O
aimable	O
Princesse	O
Qui	O
vous	O
puisse	O
obliger	O
à	O
prolonger	O
un	O
sort	O
Dont	O
l'	O
extrême	O
rigueur	O
est	O
pire	O
que	O
la	O
mort	O
?	O
	
Quel	O
crime	O
ai-je	O
commis	O
qui	O
me	O
condamne	O
à	O
vivre	O
.	O
	
Et	O
qui	O
m'	O
ôte	O
aujourd'	O
hui	O
la	O
gloire	O
de	O
vous	O
suivre	O
,	O
Ou	O
plutôt	O
quel	O
motif	O
vous	O
oblige	O
à	O
périr	O
?	O
	
Quand	O
par	O
d'	O
autres	O
moyens	O
on	O
nous	O
peut	O
secourir	O
?	O
	
Si	O
vous	O
m'	O
aimiez	O
.	O
	
Hélas	O
!	O
	
Plût	O
aux	O
Dieux	O
que	O
mon	O
âme	O
Pût	O
au	O
moins	O
quand	O
je	O
meurs	O
,	O
te	O
découvrir	O
ma	O
flamme	O
.	O
	
Doncques	O
par	O
cet	O
amour	O
si	O
cher	O
à	O
mes	O
désirs	O
,	O
Qui	O
fait	O
toute	O
ma	O
joie	O
et	O
tous	O
mes	O
déplaisirs	O
:	O
Par	O
cet	O
oeil	O
adoré	O
plus	O
craint	O
que	O
le	O
tonnerre	O
Qui	O
ne	O
devrait	O
périr	O
qu'	O
avec	O
toute	O
la	O
terre	O
;	O
	
Par	O
ce	O
torrent	O
de	O
pleurs	O
dont	O
le	O
deuil	O
des	O
mortels	O
Doit	O
avec	O
votre	O
sang	O
arroser	O
nos	O
Autels	O
:	O
Par	O
l'	O
effroyable	O
objet	O
de	O
cette	O
mort	O
cruelle	O
Qui	O
frappe	O
mon	O
amour	O
d'	O
une	O
crainte	O
mortelle	O
,	O
Par	O
ce	O
grand	O
désespoir	O
.	O
	
Ah	O
!	O
	
Prince	O
c'	O
est	O
assez	O
,	O
N'	O
exige	O
pas	O
de	O
moi	O
des	O
sentiments	O
forcés	O
;	O
	
Adieu	O
,	O
je	O
fuis	O
des	O
pleurs	O
qui	O
troublent	O
ma	O
constance	O
,	O
Te	O
consolent	O
les	O
Dieux	O
que	O
ta	O
douleur	O
offense	O
.	O
	
Allez	O
impitoyable	O
,	O
abandonnez	O
ces	O
lieux	O
,	O
Fuyez	O
un	O
misérable	O
,	O
et	O
courez	O
à	O
vos	O
Dieux	O
;	O
	
À	O
ces	O
Dieux	O
sans	O
amour	O
,	O
à	O
ces	O
Dieux	O
homicides	O
Du	O
sang	O
des	O
innocents	O
cruellement	O
avides	O
;	O
	
À	O
ces	O
Dieux	O
impuissants	O
,	O
dont	O
le	O
secours	O
fatal	O
Ne	O
peut	O
guérir	O
nos	O
maux	O
que	O
par	O
un	O
plus	O
grand	O
mal	O
,	O
Et	O
dont	O
l'	O
oracle	O
obscur	O
qui	O
ne	O
sait	O
nous	O
apprendre	O
Quels	O
voeux	O
il	O
faut	O
former	O
,	O
quel	O
sang	O
il	O
faut	O
répandre	O
,	O
Nous	O
faisant	O
immoler	O
ce	O
qu'	O
il	O
faut	O
conserver	O
,	O
Nous	O
fait	O
souiller	O
d'	O
un	O
sang	O
qui	O
nous	O
devrait	O
laver	O
.	O
	
Mais	O
où	O
m'	O
emportez-vous	O
inutiles	O
blasphèmes	O
,	O
Vous	O
me	O
secourez	O
mal	O
dans	O
ces	O
malheurs	O
extrêmes	O
;	O
	
Enlevons	O
un	O
trésor	O
que	O
l'	O
on	O
nous	O
veut	O
ravir	O
:	O
Mais	O
hélas	O
!	O
	
C'	O
est	O
la	O
perdre	O
au	O
lieu	O
de	O
la	O
servir	O
.	O
	
Je	O
vois	O
luire	O
partout	O
le	O
flambeau	O
de	O
la	O
guerre	O
,	O
Et	O
c'	O
est	O
ici	O
pour	O
nous	O
le	O
seul	O
bout	O
de	O
la	O
terre	O
.	O
	
Doncques	O
par	O
des	O
efforts	O
qui	O
me	O
seront	O
permis	O
Éclate	O
ma	O
fureur	O
contre	O
nos	O
ennemis	O
.	O
	
Et	O
qu'	O
un	O
torrent	O
de	O
sang	O
qu'	O
on	O
peut	O
verser	O
sans	O
crime	O
Nous	O
épargne	O
le	O
sang	O
d'	O
une	O
seule	O
victime	O
.	O
	
Si	O
tes	O
voeux	O
,	O
juste	O
Ciel	O
,	O
ne	O
sont	O
pas	O
satisfaits	O
,	O
Si	O
ton	O
courroux	O
encor	O
résiste	O
à	O
nos	O
souhaits	O
,	O
Nos	O
exploits	O
t'	O
apprendront	O
qu'	O
en	O
l'	O
état	O
où	O
nous	O
sommes	O
Nous	O
pouvons	O
triompher	O
et	O
des	O
Dieux	O
et	O
des	O
hommes	O
,	O
Et	O
que	O
sans	O
se	O
fier	O
à	O
quelque	O
autre	O
pouvoir	O
On	O
peut	O
tout	O
espérer	O
d'	O
un	O
juste	O
désespoir	O
.	O
	
Cher	O
et	O
noble	O
dessein	O
,	O
mais	O
dessein	O
téméraire	O
,	O
Seul	O
,	O
sans	O
aucun	O
secours	O
,	O
quel	O
effort	O
puis-je	O
faire	O
Épébole	O
?	O
	
Ah	O
!	O
	
Seigneur	O
,	O
je	O
ressens	O
vos	O
douleurs	O
.	O
	
N'	O
as-tu	O
,	O
contre	O
mon	O
mal	O
,	O
que	O
le	O
secours	O
des	O
pleurs	O
?	O
	
Il	O
faut	O
tout	O
hasarder	O
pour	O
sauver	O
la	O
Princesse	O
.	O
	
Mon	O
coeur	O
pour	O
son	O
salut	O
à	O
ce	O
point	O
s'	O
intéresse	O
.	O
	
Que	O
si	O
vous	O
consentez	O
à	O
ce	O
que	O
je	O
ferai	O
,	O
Je	O
vous	O
promets	O
,	O
Seigneur	O
,	O
que	O
je	O
la	O
sauverai	O
.	O
	
Oui	O
,	O
je	O
consens	O
à	O
tout	O
pour	O
secourir	O
Argie	O
.	O
	
Votre	O
aveu	O
me	O
suffit	O
pour	O
lui	O
sauver	O
la	O
vie	O
;	O
	
Mais	O
peut-être	O
il	O
vous	O
nuit	O
plus	O
que	O
vous	O
ne	O
pensez	O
.	O
	
Qu'	O
elle	O
vive	O
.	O
	
Craignez	O
.	O
	
N'	O
importe	O
.	O
	
C'	O
est	O
assez	O
.	O
	
Quoi	O
Seigneur	O
?	O
	
Quoi	O
mon	O
frère	O
est-ce	O
ainsi	O
que	O
l'	O
on	O
me	O
joue	O
?	O
	
Est-ce	O
pour	O
me	O
sauver	O
que	O
l'	O
on	O
me	O
désavoue	O
?	O
	
Ah	O
!	O
	
Loin	O
de	O
me	O
sauver	O
par	O
ce	O
sanglant	O
affront	O
Vous	O
rendez	O
mon	O
trépas	O
plus	O
funeste	O
et	O
plus	O
prompt	O
.	O
	
Souffrez	O
,	O
loin	O
de	O
m'	O
ôter	O
un	O
honneur	O
si	O
sublime	O
,	O
Puisque	O
je	O
dois	O
mourir	O
,	O
que	O
je	O
meure	O
en	O
victime	O
.	O
	
Et	O
ton	O
frère	O
trop	O
lâche	O
,	O
amant	O
plein	O
de	O
rigueur	O
Regarde	O
par	O
quel	O
soin	O
tu	O
rachètes	O
ta	O
soeur	O
.	O
	
Ah	O
!	O
	
Ma	O
sour	O
!	O
	
Par	O
ce	O
nom	O
qui	O
m'	O
a	O
rendu	O
mon	O
frère	O
,	O
Apprenez	O
que	O
ma	O
mort	O
est	O
un	O
coup	O
nécessaire	O
,	O
Qu'	O
on	O
ne	O
songe	O
donc	O
plus	O
d'	O
offrir	O
aux	O
immortels	O
Que	O
ce	O
sang	O
,	O
que	O
le	O
sort	O
destine	O
à	O
leurs	O
Autels	O
.	O
	
Que	O
tarde-t-on	O
?	O
	
Seigneur	O
.	O
	
Faible	O
et	O
lâche	O
tendresse	O
.	O
	
Tu	O
trahis	O
ton	O
pays	O
pour	O
sauver	O
ta	O
maîtresse	O
,	O
Veux-tu	O
pour	O
lui	O
ravir	O
l'	O
honneur	O
de	O
ce	O
trépas	O
Offrir	O
aux	O
Dieux	O
un	O
sang	O
qu'	O
ils	O
ne	O
demandent	O
pas	O
,	O
Exposer	O
de	O
nouveau	O
ta	O
malheureuse	O
terre	O
.	O
	
À	O
de	O
maux	O
plus	O
cruels	O
que	O
celui	O
de	O
la	O
guerre	O
.	O
	
Prince	O
,	O
hélas	O
!	O
	
À	O
quel	O
point	O
l'	O
emporte	O
sa	O
douleur	O
?	O
	
Perds	O
,	O
perds	O
,	O
Alcidamas	O
,	O
ou	O
règle	O
ton	O
ardeur	O
.	O
	
En	O
vain	O
pour	O
détourner	O
le	O
trépas	O
de	O
ma	O
fille	O
Tu	O
veux	O
faire	O
rentrer	O
Mérope	O
en	O
ta	O
famille	O
,	O
Elle	O
n'	O
est	O
point	O
du	O
sang	O
dont	O
l'	O
Oracle	O
a	O
parlé	O
:	O
Et	O
le	O
mien	O
seulement	O
lui	O
doit	O
être	O
immolé	O
.	O
	
Ne	O
nous	O
enviez	O
pas	O
un	O
honneur	O
si	O
funeste	O
Mérope	O
,	O
et	O
jouissez	O
du	O
bonheur	O
qui	O
vous	O
reste	O
,	O
Mon	O
Prince	O
vous	O
doit	O
rendre	O
en	O
vous	O
donnant	O
sa	O
foi	O
Plus	O
d'	O
éclat	O
qu'	O
on	O
en	O
tire	O
à	O
descendre	O
d'	O
un	O
Roi	O
.	O
	
Vous	O
amant	O
généreux	O
,	O
montrez	O
cette	O
grande	O
âme	O
,	O
Secondez	O
noblement	O
le	O
zèle	O
qui	O
m'	O
enflamme	O
,	O
Ne	O
vous	O
dérobez	O
pas	O
cet	O
éclat	O
glorieux	O
;	O
	
Consentez	O
au	O
présent	O
que	O
nous	O
faisons	O
aux	O
Dieux	O
:	O
Et	O
si	O
pour	O
le	O
pays	O
votre	O
coeur	O
s'	O
intéresse	O
,	O
Si	O
je	O
donne	O
mon	O
sang	O
,	O
donnez	O
une	O
maîtresse	O
.	O
	
Que	O
le	O
père	O
et	O
l'	O
amant	O
triomphent	O
en	O
ce	O
jour	O
,	O
Moi	O
des	O
forces	O
du	O
sang	O
,	O
vous	O
de	O
celles	O
d'	O
amour	O
.	O
	
Ne	O
vous	O
étonnez	O
pas	O
dans	O
cette	O
conjoncture	O
Si	O
vous	O
voyant	O
trop	O
fort	O
à	O
vaincre	O
la	O
nature	O
,	O
Et	O
prodigue	O
d'	O
un	O
sang	O
qu'	O
on	O
destine	O
à	O
l'	O
Autel	O
,	O
Je	O
me	O
montre	O
ennemi	O
d'	O
un	O
zèle	O
si	O
cruel	O
.	O
	
Tout	O
intérêt	O
me	O
choque	O
,	O
et	O
tout	O
devoir	O
me	O
blesse	O
,	O
S'	O
il	O
m'	O
ose	O
conseiller	O
de	O
perdre	O
une	O
maîtresse	O
.	O
	
L'	O
amour	O
,	O
ce	O
Dieu	O
puissant	O
est	O
un	O
tyran	O
jaloux	O
Qui	O
ne	O
cède	O
jamais	O
le	O
droit	O
qu'	O
il	O
a	O
sur	O
nous	O
.	O
	
Ne	O
pensez	O
pas	O
pourtant	O
qu'	O
une	O
ardeur	O
criminelle	O
Envers	O
notre	O
pays	O
refroidisse	O
mon	O
zèle	O
;	O
	
En	O
sauvant	O
votre	O
sang	O
,	O
je	O
sauve	O
le	O
pays	O
,	O
Je	O
veux	O
vaincre	O
une	O
erreur	O
qui	O
vous	O
aurait	O
trahis	O
.	O
	
Apaisez-vous	O
le	O
Ciel	O
par	O
une	O
juste	O
offrande	O
?	O
	
Donnez-lui	O
comme	O
moi	O
le	O
sang	O
qu'	O
il	O
vous	O
demande	O
,	O
Puisqu'	O
il	O
faut	O
vous	O
fléchir	O
par	O
la	O
mort	O
de	O
ma	O
soeur	O
,	O
Détrompez	O
les	O
grands	O
Dieux	O
,	O
d'	O
une	O
fatale	O
erreur	O
.	O
	
C'	O
est	O
trop	O
,	O
Alcidamas	O
,	O
cette	O
ardeur	O
obstinée	O
Par	O
les	O
Dieux	O
,	O
par	O
vous-même	O
,	O
est	O
déjà	O
condamnée	O
.	O
	
Souffrez	O
donc	O
qu'	O
un	O
trépas	O
trop	O
longtemps	O
attendu	O
Rende	O
à	O
mon	O
sang	O
l'	O
honneur	O
que	O
Mérope	O
a	O
perdu	O
.	O
	
Dieux	O
!	O
	
Si	O
par	O
un	O
tel	O
sang	O
il	O
faut	O
vous	O
satisfaire	O
Acceptez	O
une	O
fille	O
offerte	O
par	O
son	O
père	O
.	O
	
Ah	O
Seigneur	O
!	O
	
Ah	O
!	O
	
Grand	O
Roi	O
j'	O
embrasse	O
vos	O
genoux	O
.	O
	
Voulez-vous	O
de	O
nos	O
Dieux	O
irriter	O
le	O
courroux	O
?	O
	
Du	O
moins	O
pour	O
mériter	O
l'	O
effet	O
de	O
sa	O
parole	O
,	O
Différez	O
cette	O
plainte	O
au	O
retour	O
d'	O
Épébole	O
,	O
Il	O
est	O
dedans	O
le	O
camp	O
pour	O
voir	O
nos	O
ennemis	O
,	O
Et	O
ses	O
soins	O
obtiendront	O
ce	O
qu'	O
il	O
nous	O
a	O
promis	O
.	O
	
Mais	O
je	O
le	O
vois	O
qui	O
vient	O
.	O
	
Hé	O
!	O
	
bien	O
ami	O
fidèle	O
As-tu	O
vu	O
Théopompe	O
?	O
	
Et	O
Sparte	LOC-B
fléchit-elle	O
?	O
	
Tout	O
incline	O
à	O
la	O
paix	O
.	O
	
Ce	O
succès	O
me	O
surprend	O
,	O
Et	O
j'	O
admire	O
un	O
miracle	O
et	O
si	O
prompt	O
et	O
si	O
grand	O
.	O
	
Vous	O
en	O
verrez	O
un	O
autre	O
en	O
lisant	O
cette	O
lettre	O
,	O
Puis	O
vous	O
saurez	O
d'	O
Arcas	O
les	O
desseins	O
de	O
son	O
maître	O
.	O
	
Puisque	O
les	O
Dieux	O
enfin	O
rendent	O
à	O
nos	O
souhaits	O
Un	O
fils	O
longtemps	O
caché	O
sous	O
le	O
nom	O
d'	O
Épébole	O
:	O
Qu'	O
il	O
dispose	O
à	O
son	O
gré	O
du	O
traité	O
de	O
la	O
paix	O
,	O
Et	O
pour	O
mieux	O
assurer	O
la	O
foi	O
de	O
ma	O
parole	O
Et	O
pour	O
hâter	O
l'	O
effet	O
de	O
mes	O
justes	O
desseins	O
Je	O
le	O
remets	O
entre	O
vos	O
mains	O
.	O
	
THÉOPOMPE	O
.	O
	
Ah	O
Cresphonte	O
!	O
	
Ah	O
!	O
	
Prince	O
incomparable	O
.	O
	
Dieux	O
que	O
votre	O
retour	O
me	O
sera	O
favorable	O
,	O
Que	O
ne	O
puis-je	O
,	O
Seigneur	O
,	O
en	O
cet	O
heureux	O
moment	O
Égaler	O
les	O
effets	O
à	O
mon	O
ressentiment	O
?	O
	
Mais	O
,	O
Prince	O
,	O
quel	O
motif	O
ou	O
quelle	O
défiance	O
Vous	O
ont	O
fait	O
si	O
longtemps	O
cacher	O
votre	O
naissance	O
?	O
	
Apprenez	O
,	O
apprenez	O
ce	O
qu'	O
a	O
fait	O
mon	O
amour	O
.	O
	
J'	O
étais	O
auprès	O
d'	O
Androcle	O
inconnu	O
dans	O
sa	O
cour	O
,	O
Où	O
l'	O
on	O
vit	O
votre	O
père	O
exposer	O
cette	O
terre	O
Au	O
succès	O
incertain	O
d'	O
une	O
si	O
longue	O
guerre	O
.	O
	
Androcle	O
en	O
ma	O
faveur	O
traversant	O
son	O
dessein	O
Il	O
vint	O
nous	O
attaquer	O
les	O
armes	O
à	O
la	O
main	O
;	O
	
Dans	O
ce	O
désordre	O
affreux	O
ou	O
l'	O
un	O
et	O
l'	O
autre	O
Prince	O
En	O
deux	O
puissants	O
partis	O
arma	O
cette	O
Province	O
,	O
Androcle	O
succombant	O
sous	O
le	O
premier	O
effort	O
Je	O
suivis	O
sa	O
disgrâce	O
,	O
et	O
je	O
passai	O
pour	O
mort	O
.	O
	
Mon	O
père	O
qui	O
le	O
crut	O
arme	O
avec	O
diligence	O
,	O
Et	O
vient	O
dans	O
tous	O
ces	O
lieux	O
signaler	O
ma	O
vengeance	O
.	O
	
Tandis	O
j'	O
aimais	O
Argie	O
,	O
et	O
sa	O
possession	O
Bornait	O
toute	O
ma	O
gloire	O
et	O
mon	O
ambition	O
.	O
	
Je	O
rentre	O
en	O
votre	O
Cour	O
,	O
où	O
mon	O
amour	O
fidèle	O
Par	O
des	O
voeux	O
seulement	O
se	O
déclarait	O
pour	O
elle	O
,	O
Sachant	O
qu'	O
Alcidamas	O
ce	O
Prince	O
généreux	O
,	O
Par	O
l'	O
espoir	O
d'	O
un	O
hymen	O
s'	O
opposait	O
à	O
mes	O
voux	O
:	O
Mais	O
mon	O
père	O
aujourd'	O
hui	O
favorable	O
à	O
ma	O
peine	O
Remettant	O
dans	O
mes	O
mains	O
les	O
États	O
de	O
Messène	LOC-B
,	O
J'	O
ose	O
me	O
déclarer	O
,	O
et	O
je	O
puis	O
mettre	O
au	O
jour	O
Ma	O
naissance	O
et	O
mes	O
voeux	O
,	O
ma	O
gloire	O
et	O
mon	O
amour	O
.	O
	
Vous	O
donc	O
,	O
Roi	O
magnanime	O
,	O
et	O
vous	O
Aristodème	O
Montrez	O
un	O
coeur	O
sensible	O
à	O
mon	O
ardeur	O
extrême	O
,	O
Et	O
si	O
je	O
m'	O
offre	O
à	O
vous	O
avec	O
trop	O
peu	O
d'	O
appas	O
Considérez	O
la	O
main	O
qui	O
vous	O
rend	O
vos	O
États	O
.	O
	
Et	O
qui	O
s'	O
intéressant	O
pour	O
le	O
salut	O
d'	O
Argie	O
Vient	O
poser	O
à	O
ses	O
pieds	O
toute	O
la	O
Messénie	LOC-B
.	O
	
Dieux	O
!	O
	
Qu'	O
est-ce	O
que	O
j'	O
entends	O
?	O
	
Ah	O
!	O
	
Prince	O
généreux	O
Qui	O
pourrait	O
justement	O
s'	O
opposer	O
à	O
vos	O
voux	O
?	O
	
Ou	O
le	O
trône	O
ou	O
l'	O
Autel	O
attendent	O
ta	O
maîtresse	O
,	O
Cher	O
Prince	O
,	O
si	O
pour	O
nous	O
ta	O
pitié	O
s'	O
intéresse	O
,	O
Puisque	O
tu	O
ne	O
saurais	O
la	O
conserver	O
pour	O
toi	O
.	O
	
Garde-la	O
de	O
périr	O
,	O
et	O
pour	O
elle	O
et	O
pour	O
moi	O
.	O
	
Où	O
me	O
réduisez-vous	O
,	O
Cresphonte	O
,	O
Aristodème	O
?	O
	
La	O
veux-tu	O
voir	O
périr	O
?	O
	
Non	O
,	O
qu'	O
elle	O
vive	O
,	O
et	O
l'	O
aime	O
.	O
	
Je	O
vais	O
la	O
disposer	O
à	O
ce	O
rare	O
bonheur	O
.	O
	
Mon	O
frère	O
...	O
Laissez-lui	O
digérer	O
sa	O
douleur	O
,	O
Si	O
son	O
coeur	O
est	O
touché	O
par	O
la	O
perte	O
d'	O
Argie	O
Il	O
doit	O
baiser	O
la	O
main	O
qui	O
lui	O
sauve	O
la	O
vie	O
.	O
	
Que	O
je	O
souffre	O
en	O
voyant	O
les	O
maux	O
que	O
je	O
lui	O
fais	O
.	O
	
Je	O
vais	O
avec	O
Arcas	O
consulter	O
de	O
la	O
paix	O
.	O
	
Venez	O
,	O
vous	O
que	O
le	O
Ciel	O
destine	O
à	O
ma	O
Couronne	O
Recevoir	O
votre	O
part	O
des	O
soins	O
qu'	O
elle	O
vous	O
donne	O
.	O
	
Est-ce	O
là	O
ce	O
secours	O
que	O
vous	O
m'	O
aviez	O
promis	O
,	O
Ami	O
plus	O
dangereux	O
que	O
tous	O
nos	O
ennemis	O
.	O
	
Ah	O
!	O
	
Prince	O
pardonnez	O
à	O
l'	O
éclat	O
de	O
ma	O
flamme	O
,	O
Je	O
n'	O
attends	O
de	O
vos	O
feux	O
ni	O
reproche	O
ni	O
blâme	O
,	O
Ce	O
n'	O
est	O
pas	O
contre	O
vous	O
que	O
j'	O
ose	O
disputer	O
Un	O
bien	O
que	O
votre	O
amour	O
pouvait	O
seul	O
mériter	O
,	O
Ce	O
n'	O
est	O
qu'	O
à	O
vos	O
malheurs	O
que	O
je	O
dérobe	O
Argie	O
,	O
Et	O
sans	O
considérer	O
en	O
lui	O
sauvant	O
la	O
vie	O
À	O
qui	O
peut	O
,	O
ou	O
servir	O
,	O
ou	O
nuire	O
cet	O
effort	O
,	O
Par	O
un	O
zèle	O
amoureux	O
je	O
l'	O
arrache	O
à	O
la	O
mort	O
.	O
	
Je	O
sais	O
qu'	O
en	O
la	O
sauvant	O
de	O
ce	O
péril	O
extrême	O
,	O
Après	O
l'	O
aveu	O
du	O
Roi	O
,	O
celui	O
d'	O
Aristodème	O
,	O
Je	O
la	O
puis	O
justement	O
disputer	O
contre	O
tous	O
;	O
	
Toutefois	O
je	O
ne	O
veux	O
la	O
tenir	O
que	O
de	O
vous	O
.	O
	
Hélas	O
!	O
	
Cette	O
bonté	O
rend	O
mon	O
tourment	O
plus	O
rude	O
,	O
Je	O
fais	O
ce	O
que	O
je	O
puis	O
pour	O
fuir	O
l'	O
ingratitude	O
,	O
Mais	O
ne	O
pouvant	O
céder	O
ni	O
retenir	O
mon	O
bien	O
,	O
Quand	O
je	O
veux	O
tout	O
donner	O
je	O
ne	O
vous	O
donne	O
rien	O
.	O
	
Après	O
l'	O
aveu	O
du	O
Roi	O
,	O
celui	O
d'	O
Aristodème	O
,	O
La	O
Princesse	O
arrachée	O
à	O
ce	O
péril	O
extrême	O
,	O
Je	O
vous	O
cède	O
,	O
Seigneur	O
,	O
un	O
bien	O
qui	O
m'	O
est	O
si	O
cher	O
,	O
Et	O
c'	O
est	O
moi	O
toutefois	O
qui	O
dois	O
vous	O
l'	O
arracher	O
.	O
	
Quoi	O
?	O
	
Vous	O
me	O
l'	O
ôteriez	O
après	O
l'	O
avoir	O
cédée	O
,	O
Quand	O
ce	O
n'	O
est	O
qu'	O
en	O
priant	O
que	O
je	O
l'	O
ai	O
demandée	O
.	O
	
Un	O
obstacle	O
secret	O
vous	O
ôte	O
ce	O
présent	O
,	O
Je	O
suis	O
juste	O
,	O
Seigneur	O
,	O
si	O
je	O
fus	O
complaisant	O
,	O
Je	O
l'	O
ai	O
tu	O
par	O
respect	O
devant	O
Aristodème	O
,	O
Et	O
je	O
devrais	O
encor	O
le	O
cacher	O
à	O
vous-même	O
,	O
Si	O
je	O
ne	O
savais	O
bien	O
qu'	O
un	O
aveu	O
généreux	O
Doit	O
borner	O
un	O
respect	O
qui	O
nuirait	O
à	O
nous	O
deux	O
.	O
	
N'	O
espérez	O
plus	O
,	O
chassez	O
une	O
flamme	O
obstinée	O
.	O
	
Comment	O
?	O
	
Elle	O
est	O
à	O
moi	O
par	O
les	O
lois	O
d'	O
hyménée	O
.	O
	
Que	O
ces	O
mots	O
sur	O
mon	O
coeur	O
font	O
un	O
puissant	O
effet	O
,	O
Et	O
qu'	O
ils	O
vous	O
vengent	O
bien	O
du	O
mal	O
qu'	O
on	O
vous	O
a	O
fait	O
.	O
	
Hé	O
bien	O
!	O
	
Il	O
faut	O
quitter	O
des	O
espérances	O
vaines	O
,	O
Jouissez	O
de	O
mes	O
soins	O
,	O
et	O
du	O
fruit	O
de	O
mes	O
peines	O
.	O
	
Ingrat	O
Aristodème	O
où	O
me	O
réduisez-vous	O
?	O
	
Si	O
vous	O
m'	O
avez	O
charmé	O
par	O
un	O
espoir	O
si	O
doux	O
,	O
Regardez	O
ce	O
que	O
souffre	O
une	O
amour	O
méprisée	O
;	O
	
Et	O
par	O
un	O
faux	O
espoir	O
lâchement	O
abusée	O
.	O
	
Ah	O
!	O
	
Ce	O
n'	O
est	O
pas	O
ainsi	O
qu'	O
il	O
en	O
fallait	O
user	O
,	O
Il	O
fallait	O
me	O
conduire	O
,	O
et	O
non	O
pas	O
m'	O
abuser	O
.	O
	
Et	O
si	O
vous	O
négligiez	O
de	O
soulager	O
ma	O
peine	O
,	O
Vous	O
deviez	O
respecter	O
le	O
maître	O
de	O
Messène	LOC-B
.	O
	
Mais	O
puisqu'	O
il	O
faut	O
agir	O
avec	O
des	O
ingrats	O
Si	O
vous	O
gardez	O
vos	O
biens	O
,	O
rendez-moi	O
vos	O
États	O
.	O
	
Si	O
vous	O
vouliez	O
la	O
paix	O
vous	O
me	O
rendriez	O
Argie	O
,	O
Sans	O
m'	O
ôter	O
pour	O
jamais	O
le	O
repos	O
de	O
ma	O
vie	O
.	O
	
Si	O
c'	O
est	O
un	O
coup	O
du	O
sort	O
qui	O
nous	O
rend	O
malheureux	O
,	O
Plus	O
nous	O
sommes	O
ingrats	O
,	O
rendez-vous	O
généreux	O
.	O
	
Qu'	O
il	O
est	O
doux	O
d'	O
inspirer	O
une	O
si	O
noble	O
envie	O
Quand	O
on	O
se	O
peut	O
vanter	O
de	O
posséder	O
Argie	O
;	O
	
Mais	O
non	O
,	O
je	O
vais	O
trouver	O
l'	O
auteur	O
de	O
mes	O
malheurs	O
,	O
Et	O
tâcher	O
d'	O
égaler	O
sa	O
honte	O
à	O
mes	O
douleurs	O
.	O
	
Oui	O
,	O
Prince	O
,	O
il	O
apprendra	O
,	O
l'	O
ingrat	O
Aristodème	O
,	O
À	O
quel	O
point	O
m'	O
a	O
choqué	O
son	O
lâche	O
stratagème	O
,	O
Je	O
vais	O
lui	O
déclarer	O
son	O
crime	O
et	O
mon	O
malheur	O
,	O
Et	O
le	O
mettre	O
en	O
état	O
de	O
craindre	O
ma	O
douleur	O
.	O
	
Hélas	O
!	O
	
De	O
tous	O
côtés	O
ma	O
peine	O
est	O
infinie	O
,	O
Par	O
tout	O
,	O
cruel	O
destin	O
,	O
je	O
sens	O
ta	O
tyrannie	O
.	O
	
Je	O
veux	O
par	O
l'	O
imposture	O
assurer	O
mon	O
amour	O
;	O
	
Et	O
ce	O
crime	O
me	O
perd	O
,	O
si	O
on	O
le	O
met	O
au	O
jour	O
.	O
	
Où	O
me	O
suis-je	O
emporté	O
?	O
	
Qu'	O
ai-je	O
fait	O
téméraire	O
?	O
	
Mais	O
enfin	O
qu'	O
ai-je	O
fait	O
que	O
je	O
ne	O
dusse	O
faire	O
,	O
Si	O
la	O
Princesse	O
osait	O
condamner	O
cet	O
effort	O
J'	O
aurais	O
pour	O
l'	O
apaiser	O
mon	O
amour	O
,	O
ou	O
ma	O
mort	O
.	O
	
Mais	O
Dieux	O
de	O
quel	O
transport	O
est-elle	O
possédée	O
.	O
	
Évitons	O
.	O
	
Fuis	O
,	O
ingrat	O
,	O
après	O
m'	O
avoir	O
cédée	O
Mais	O
sache	O
que	O
ce	O
don	O
te	O
doit	O
être	O
fatal	O
,	O
Non	O
que	O
par	O
mon	O
aveu	O
je	O
sois	O
à	O
ton	O
rival	O
;	O
	
Mais	O
je	O
sors	O
de	O
tes	O
mains	O
,	O
et	O
je	O
veux	O
qu'	O
il	O
m'	O
obtienne	O
De	O
ma	O
main	O
seulement	O
,	O
et	O
non	O
pas	O
de	O
la	O
tienne	O
.	O
	
Va	O
perfide	O
.	O
	
Ah	O
!	O
	
Madame	O
,	O
écoutez	O
un	O
moment	O
Donnez	O
plus	O
de	O
matière	O
à	O
ce	O
ressentiment	O
.	O
	
Écoutez	O
,	O
écoutez	O
un	O
aveu	O
téméraire	O
,	O
Non	O
celui	O
que	O
j'	O
ai	O
fait	O
,	O
mais	O
que	O
je	O
devais	O
faire	O
,	O
Connaissant	O
son	O
mérite	O
autant	O
que	O
mes	O
défauts	O
,	O
Et	O
ce	O
que	O
vous	O
valez	O
,	O
et	O
le	O
peu	O
que	O
je	O
vaux	O
,	O
Sachant	O
bien	O
que	O
sans	O
lui	O
vous	O
me	O
seriez	O
ravie	O
,	O
Que	O
pour	O
payer	O
des	O
soins	O
qui	O
vous	O
sauvent	O
la	O
vie	O
,	O
C'	O
est	O
lui	O
seul	O
maintenant	O
qui	O
vous	O
doit	O
posséder	O
,	O
Sans	O
honte	O
,	O
et	O
sans	O
regret	O
je	O
devais	O
vous	O
céder	O
.	O
	
Je	O
l'	O
ai	O
fait	O
par	O
respect	O
aux	O
yeux	O
de	O
votre	O
père	O
,	O
Si	O
cet	O
aveu	O
contraint	O
aigrit	O
votre	O
colère	O
,	O
Princesse	O
,	O
ce	O
présent	O
ne	O
peut	O
m'	O
être	O
fatal	O
,	O
Puisqu'	O
au	O
même	O
moment	O
je	O
l'	O
ôte	O
à	O
mon	O
rival	O
.	O
	
Par	O
force	O
,	O
ou	O
par	O
justice	O
il	O
vous	O
rend	O
à	O
ma	O
flamme	O
.	O
	
Pardonne	O
,	O
Alcidamas	O
.	O
	
Écoutez	O
tout	O
,	O
Madame	O
,	O
C'	O
est	O
à	O
moi	O
qu'	O
il	O
vous	O
rend	O
,	O
mais	O
las	O
le	O
croirez-vous	O
?	O
	
Non	O
comme	O
à	O
son	O
rival	O
,	O
mais	O
comme	O
à	O
votre	O
époux	O
.	O
	
Cet	O
hymen	O
supposé	O
m'	O
a	O
rendu	O
ma	O
Princesse	O
.	O
	
Qu'	O
entends-je	O
?	O
	
Ah	O
!	O
	
C'	O
est	O
ainsi	O
que	O
tu	O
perds	O
ta	O
maîtresse	O
,	O
Tu	O
devais	O
m'	O
obtenir	O
en	O
ce	O
fatal	O
moment	O
Non	O
de	O
ta	O
trahison	O
,	O
mais	O
de	O
moi	O
seulement	O
.	O
	
Dois-je	O
chérir	O
des	O
feux	O
qui	O
me	O
couvrent	O
de	O
honte	O
,	O
Qui	O
par	O
le	O
crime	O
seul	O
triomphent	O
de	O
Cresphonte	O
,	O
Et	O
qui	O
par	O
un	O
affront	O
à	O
mon	O
honneur	O
fatal	O
Me	O
donnent	O
plus	O
d'	O
horreur	O
que	O
ceux	O
de	O
mon	O
rival	O
.	O
	
Vengez-vous	O
,	O
vengez-vous	O
et	O
punissez	O
mon	O
crime	O
,	O
Mon	O
amour	O
qui	O
l'	O
a	O
fait	O
vous	O
offre	O
la	O
victime	O
,	O
Si	O
devant	O
d'	O
autres	O
yeux	O
il	O
le	O
faut	O
expier	O
Je	O
répandrai	O
mon	O
sang	O
pour	O
vous	O
justifier	O
Et	O
devant	O
mon	O
rival	O
,	O
et	O
devant	O
votre	O
père	O
.	O
	
Quoi	O
?	O
	
Mon	O
père	O
l'	O
a	O
su	O
,	O
Dieux	O
!	O
	
Quelle	O
est	O
sa	O
colère	O
?	O
	
Je	O
vais	O
pour	O
l'	O
apaiser	O
mettre	O
mon	O
crime	O
au	O
jour	O
.	O
	
Cependant	O
pardonnez	O
ce	O
crime	O
à	O
mon	O
amour	O
.	O
	
Ah	O
!	O
	
Je	O
ne	O
fais	O
point	O
grâce	O
à	O
qui	O
m'	O
ôte	O
mon	O
père	O
,	O
Et	O
sans	O
plus	O
différer	O
je	O
vais	O
le	O
satisfaire	O
.	O
	
Madame	O
.	O
	
Laissez-moi	O
.	O
	
Je	O
ne	O
vous	O
quitte	O
point	O
.	O
	
Cette	O
obstination	O
me	O
pique	O
au	O
dernier	O
point	O
.	O
	
Quoi	O
?	O
	
Je	O
vous	O
quitterais	O
sans	O
avoir	O
votre	O
grâce	O
.	O
	
Va	O
,	O
ce	O
n'	O
est	O
pas	O
ainsi	O
qu'	O
un	O
tel	O
affront	O
s'	O
efface	O
.	O
	
Non	O
,	O
non	O
,	O
pour	O
m'	O
en	O
laver	O
,	O
Princesse	O
,	O
il	O
faut	O
mourir	O
,	O
C'	O
est	O
le	O
seul	O
désespoir	O
qui	O
me	O
peut	O
secourir	O
,	O
Mais	O
au	O
moins	O
en	O
suivant	O
une	O
si	O
noble	O
envie	O
Tranchons	O
avec	O
honneur	O
une	O
honteuse	O
vie	O
.	O
	
Portons	O
sur	O
l'	O
ennemi	O
ce	O
sanglant	O
désespoir	O
,	O
Pour	O
redoubler	O
ses	O
coups	O
faisons-en	O
un	O
devoir	O
.	O
	
Oui	O
,	O
considère-toi	O
comme	O
chargé	O
des	O
crimes	O
Qu'	O
on	O
ne	O
peut	O
expier	O
que	O
par	O
mille	O
victimes	O
.	O
	
Et	O
pour	O
accroître	O
encor	O
l'	O
effet	O
de	O
tes	O
douleurs	O
Cruel	O
regarde	O
en	O
toi	O
l'	O
auteur	O
de	O
nos	O
malheurs	O
.	O
	
Mais	O
aussi	O
souviens-toi	O
qu'	O
une	O
illustre	O
victoire	O
Doit	O
effacer	O
ta	O
honte	O
et	O
racheter	O
ta	O
gloire	O
.	O
	
Affranchir	O
ce	O
pays	O
,	O
fléchir	O
les	O
immortels	O
,	O
Venger	O
l'	O
honneur	O
du	O
trône	O
,	O
et	O
celui	O
des	O
Autels	O
,	O
Rejoindre	O
heureusement	O
la	O
soeur	O
avec	O
le	O
frère	O
,	O
Et	O
rendre	O
à	O
son	O
amour	O
,	O
et	O
la	O
fille	O
et	O
le	O
père	O
.	O
	
Engageons	O
notre	O
Roi	O
dans	O
un	O
si	O
beau	O
dessein	O
,	O
Qu'	O
il	O
seconde	O
le	O
Dieu	O
qui	O
règne	O
dans	O
mon	O
sein	O
,	O
Si	O
je	O
lui	O
rend	O
Mérope	O
,	O
il	O
doit	O
me	O
rendre	O
Argie	O
.	O
	
Qu'	O
il	O
serve	O
mon	O
amour	O
avec	O
la	O
Messénie	LOC-B
,	O
Qu'	O
il	O
rompe	O
avec	O
honneur	O
un	O
funeste	O
traité	O
Sans	O
attendre	O
ce	O
coup	O
d'	O
un	O
rival	O
dépité	O
.	O
	
Aussi	O
bien	O
cette	O
paix	O
n'	O
est	O
qu'	O
une	O
fausse	O
amorce	O
,	O
S'	O
il	O
la	O
faut	O
acquérir	O
,	O
gagnons-la	O
par	O
la	O
force	O
.	O
	
Reprends	O
tous	O
tes	O
États	O
ambitieux	O
rival	O
,	O
L'	O
offre	O
que	O
tu	O
nous	O
fais	O
est	O
un	O
présent	O
fatal	O
,	O
Moins	O
digne	O
de	O
nos	O
voeux	O
qu'	O
il	O
ne	O
l'	O
est	O
de	O
nos	O
larmes	O
,	O
Nous	O
nous	O
affranchirons	O
par	O
l'	O
effort	O
de	O
nos	O
armes	O
.	O
	
Que	O
s'	O
il	O
faut	O
succomber	O
sous	O
la	O
haine	O
des	O
Cieux	O
,	O
Tu	O
pourras	O
triompher	O
,	O
mais	O
non	O
pas	O
à	O
nos	O
yeux	O
.	O
	
Mérope	O
,	O
quel	O
effroi	O
trouble	O
votre	O
visage	O
?	O
	
J'	O
y	O
lis	O
d'	O
un	O
grand	O
malheur	O
quelque	O
nouveau	O
présage	O
.	O
	
Mais	O
que	O
puis-je	O
moi-même	O
en	O
ce	O
funeste	O
jour	O
Juger	O
de	O
notre	O
sort	O
et	O
de	O
votre	O
retour	O
?	O
	
Venez-vous	O
relever	O
ou	O
détruire	O
Messène	LOC-B
?	O
	
Portez-vous	O
en	O
ces	O
lieux	O
ou	O
l'	O
amour	O
ou	O
la	O
haine	O
Et	O
le	O
cruel	O
dépit	O
qui	O
vous	O
en	O
a	O
chassé	O
Par	O
un	O
contraire	O
effet	O
sera-t-il	O
effacé	O
?	O
	
Vous	O
ne	O
répondez	O
rien	O
.	O
	
Lisez	O
dans	O
mon	O
silence	O
De	O
vos	O
maux	O
redoublés	O
l'	O
extrême	O
violence	O
:	O
Sparte	LOC-B
est	O
victorieuse	O
,	O
et	O
vous	O
êtes	O
défaits	O
.	O
	
Hélas	O
!	O
	
J'	O
avais	O
dessein	O
de	O
couronner	O
la	O
paix	O
,	O
Et	O
bien	O
que	O
mon	O
départ	O
fît	O
craindre	O
un	O
sort	O
contraire	O
,	O
Malgré	O
l'	O
affront	O
reçu	O
Messène	LOC-B
m'	O
était	O
chère	O
;	O
	
Mais	O
votre	O
Alcidamas	O
a	O
mal	O
interprété	O
Un	O
départ	O
innocent	O
,	O
mais	O
trop	O
précipité	O
.	O
	
Jetant	O
l'	O
esprit	O
du	O
Roi	O
dans	O
les	O
mêmes	O
alarmes	O
,	O
Il	O
l'	O
a	O
même	O
obligé	O
de	O
recourir	O
aux	O
armes	O
.	O
	
À	O
peine	O
étais-je	O
au	O
camp	O
qu'	O
ils	O
ont	O
fondu	O
sur	O
nous	O
,	O
Poussés	O
d'	O
un	O
même	O
esprit	O
et	O
d'	O
un	O
même	O
courroux	O
.	O
	
Ainsi	O
leur	O
désespoir	O
a	O
détruit	O
mon	O
ouvrage	O
.	O
	
Je	O
ne	O
vous	O
dirai	O
point	O
ce	O
qu'	O
a	O
fait	O
leur	O
courage	O
,	O
Contemplant	O
les	O
grands	O
coups	O
de	O
ces	O
deux	O
furieux	O
,	O
J'	O
ai	O
longtemps	O
soupçonné	O
le	O
rapport	O
de	O
mes	O
yeux	O
.	O
	
Mais	O
ce	O
n'	O
est	O
rien	O
au	O
prix	O
du	O
grand	O
Aristodème	O
,	O
Je	O
le	O
méconnaissais	O
,	O
ce	O
n'	O
était	O
plus	O
lui-même	O
.	O
	
M'	O
approchant	O
il	O
m'	O
a	O
dit	O
,	O
mais	O
d'	O
un	O
ton	O
affligé	O
,	O
Je	O
suis	O
content	O
,	O
Cresphonte	O
,	O
et	O
vous	O
êtes	O
vengé	O
.	O
	
À	O
ces	O
mots	O
je	O
l'	O
ai	O
vu	O
partir	O
comme	O
un	O
tonnerre	O
,	O
Et	O
semblable	O
au	O
démon	O
qui	O
préside	O
à	O
la	O
guerre	O
,	O
Rompre	O
nos	O
escadrons	O
,	O
voler	O
de	O
rang	O
en	O
rang	O
,	O
Et	O
combler	O
tout	O
le	O
camp	O
de	O
désordre	O
et	O
de	O
sang	O
.	O
	
Par	O
des	O
corps	O
entassés	O
il	O
marques	O
ses	O
vestiges	O
,	O
Et	O
le	O
Sparte	LOC-B
confus	O
de	O
ces	O
sanglants	O
prodiges	O
,	O
N'	O
a	O
soin	O
que	O
d'	O
éviter	O
les	O
redoutables	O
coups	O
Dont	O
son	O
bras	O
les	O
moissonne	O
en	O
son	O
bouillant	O
courroux	O
.	O
	
Cette	O
grande	O
âme	O
enfin	O
de	O
douleur	O
accablée	O
Se	O
dérobe	O
à	O
ma	O
vue	O
entrant	O
dans	O
la	O
mêlée	O
;	O
	
Mais	O
comme	O
je	O
cherchais	O
ses	O
pas	O
victorieux	O
Je	O
vois	O
votre	O
grand	O
Roi	O
tomber	O
devant	O
mes	O
yeux	O
.	O
	
Hélas	O
!	O
	
À	O
cet	O
objet	O
le	O
Sparte	LOC-B
prend	O
courage	O
,	O
Et	O
pour	O
mieux	O
assouvir	O
sa	O
belliqueuse	O
rage	O
,	O
Si	O
mes	O
soins	O
vigilants	O
ne	O
l'	O
eussent	O
conservé	O
Des	O
bras	O
de	O
ses	O
sujets	O
il	O
l'	O
aurait	O
enlevé	O
.	O
	
De	O
cet	O
illustre	O
Roi	O
le	O
corps	O
plein	O
d'	O
ouvertures	O
Au	O
défaut	O
de	O
la	O
voix	O
parle	O
par	O
ses	O
blessures	O
,	O
Et	O
semble	O
s'	O
écrier	O
,	O
sauvez-moi	O
de	O
leurs	O
mains	O
.	O
	
Et	O
ma	O
langue	O
et	O
mon	O
bras	O
secondent	O
ses	O
desseins	O
.	O
	
Je	O
repousse	O
les	O
uns	O
,	O
et	O
j'	O
anime	O
les	O
autres	O
;	O
	
J'	O
arrête	O
nos	O
soldats	O
et	O
j'	O
exhorte	O
les	O
vôtres	O
.	O
	
Quoi	O
,	O
dis-je	O
,	O
souffrez-vous	O
qu'	O
on	O
vous	O
enlève	O
un	O
Roi	O
?	O
	
Et	O
pour	O
qui	O
meurt	O
pour	O
vous	O
manquerez-vous	O
de	O
foi	O
?	O
	
Ce	O
discours	O
fait	O
cesser	O
la	O
frayeur	O
qui	O
les	O
trouble	O
.	O
	
Leur	O
âme	O
s'	O
affermit	O
,	O
et	O
leur	O
pitié	O
redouble	O
.	O
	
Enfin	O
pour	O
seconder	O
leur	O
généreux	O
effort	O
Abandonnant	O
les	O
miens	O
je	O
l'	O
amène	O
en	O
ce	O
fort	O
.	O
	
Donc	O
je	O
le	O
puis	O
revoir	O
.	O
	
Il	O
ne	O
vit	O
plus	O
,	O
Madame	O
,	O
Dans	O
mes	O
bras	O
,	O
à	O
mes	O
yeux	O
,	O
ce	O
Prince	O
a	O
rendu	O
l'	O
âme	O
.	O
	
Il	O
ne	O
vit	O
plus	O
!	O
	
Ô	O
mort	O
que	O
je	O
ne	O
puis	O
souffrir	O
!	O
	
Oyez	O
ce	O
qu'	O
il	O
a	O
dit	O
sur	O
le	O
point	O
de	O
mourir	O
.	O
	
Si	O
j'	O
ai	O
pu	O
voir	O
,	O
dit-il	O
,	O
vos	O
Autels	O
sans	O
victime	O
,	O
Souvenez-vous	O
,	O
Grands	O
Dieux	O
!	O
	
Que	O
l'	O
amour	O
fit	O
mon	O
crime	O
.	O
	
Que	O
s'	O
il	O
a	O
pu	O
choquer	O
votre	O
gloire	O
et	O
mon	O
rang	O
Pour	O
pouvoir	O
l'	O
expier	O
je	O
vous	O
offre	O
mon	O
sang	O
.	O
	
Puis	O
se	O
tournant	O
vers	O
moi	O
m'	O
adresse	O
ce	O
langage	O
.	O
	
Cresphonte	O
,	O
me	O
dit-il	O
,	O
dont	O
l'	O
illustre	O
courage	O
A	O
paru	O
si	O
souvent	O
parmi	O
les	O
Messéniens	O
,	O
Et	O
qui	O
pour	O
les	O
servir	O
abandonnas	O
les	O
tiens	O
,	O
S'	O
il	O
reste	O
de	O
ce	O
zèle	O
un	O
rayon	O
dans	O
ton	O
âme	O
Prends	O
soin	O
des	O
beaux	O
objets	O
de	O
notre	O
chaste	O
flamme	O
.	O
	
Qu'	O
Argie	O
et	O
que	O
Mérope	O
en	O
cette	O
extrémité	O
Éprouvent	O
jusqu'	O
au	O
bout	O
ta	O
générosité	O
;	O
	
Sois	O
aussi	O
doux	O
vainqueur	O
que	O
défenseur	O
fidèle	O
,	O
Si	O
je	O
ne	O
puis	O
la	O
voir	O
ni	O
prendre	O
congé	O
d'	O
elle	O
,	O
Et	O
si	O
le	O
Ciel	O
me	O
traite	O
avec	O
tant	O
de	O
rigueur	O
,	O
Lui	O
découvrant	O
mon	O
sort	O
,	O
découvre	O
lui	O
mon	O
coeur	O
.	O
	
Dis-lui	O
que	O
les	O
malheurs	O
où	O
le	O
Ciel	O
l'	O
abandonne	O
M'	O
affligent	O
beaucoup	O
plus	O
que	O
la	O
mort	O
qu'	O
il	O
me	O
donne	O
,	O
Et	O
que	O
j'	O
estimerais	O
mon	O
destin	O
trop	O
heureux	O
Si	O
la	O
rigueur	O
rendait	O
le	O
sien	O
moins	O
rigoureux	O
,	O
Qu'	O
elle	O
apprenne	O
ma	O
mort	O
,	O
mais	O
qu'	O
elle	O
s'	O
en	O
console	O
.	O
	
Mérope	O
...	O
Ce	O
cher	O
nom	O
lui	O
coupe	O
la	O
parole	O
,	O
Sa	O
paupière	O
se	O
ferme	O
à	O
la	O
clarté	O
du	O
jour	O
,	O
Et	O
son	O
dernier	O
soupir	O
parle	O
de	O
son	O
amour	O
.	O
	
Mais	O
enfin	O
...	O
Permettez	O
à	O
ma	O
douleur	O
extrême	O
Que	O
j'	O
aille	O
à	O
ce	O
grand	O
Roi	O
rendre	O
l'	O
honneur	O
suprême	O
.	O
	
Ne	O
m'	O
accompagnez	O
point	O
,	O
ce	O
funeste	O
devoir	O
Loin	O
de	O
me	O
consoler	O
croîtrait	O
mon	O
désespoir	O
:	O
Gardez	O
pour	O
vos	O
malheurs	O
toute	O
votre	O
constance	O
,	O
Vous	O
en	O
avez	O
besoin	O
dedans	O
cette	O
occurrence	O
.	O
	
Vous	O
n'	O
êtes	O
mieux	O
traité	O
,	O
ni	O
plus	O
heureux	O
que	O
moi	O
.	O
	
Quel	O
coup	O
peut	O
s'	O
égaler	O
à	O
la	O
perte	O
du	O
Roi	O
?	O
	
Adieu	O
.	O
	
Silence	O
obscur	O
que	O
je	O
ne	O
puis	O
comprendre	O
!	O
	
Explique	O
à	O
mon	O
amour	O
ce	O
que	O
je	O
viens	O
d'	O
entendre	O
,	O
C'	O
est	O
lui	O
seul	O
,	O
c'	O
est	O
lui	O
seul	O
qui	O
craint	O
à	O
cette	O
fois	O
.	O
	
Que	O
n'	O
étais-je	O
sans	O
yeux	O
?	O
	
Que	O
ne	O
suis-je	O
sans	O
voix	O
?	O
	
Pour	O
ne	O
pas	O
raconter	O
cette	O
étrange	O
disgrâce	O
?	O
	
Parle	O
,	O
et	O
n'	O
amoindris	O
pas	O
le	O
coup	O
qui	O
me	O
menace	O
.	O
	
À	O
peine	O
Aristodème	O
,	O
enflammé	O
de	O
courroux	O
,	O
Que	O
sa	O
fille	O
vous	O
eût	O
dédaigné	O
pour	O
époux	O
,	O
Eût	O
su	O
d'	O
Alcidamas	O
le	O
discours	O
téméraire	O
,	O
Par	O
le	O
funeste	O
aveu	O
que	O
vous	O
veniez	O
d'	O
en	O
faire	O
,	O
Qu'	O
il	O
estima	O
qu'	O
Argie	O
après	O
l'	O
avoir	O
aimé	O
Avait	O
sans	O
son	O
aveu	O
cet	O
hymen	O
consommé	O
.	O
	
Plein	O
de	O
ce	O
sentiment	O
il	O
entre	O
dans	O
le	O
Temple	O
,	O
Mais	O
avec	O
un	O
transport	O
qui	O
n'	O
eut	O
jamais	O
d'	O
exemple	O
,	O
Son	O
esprit	O
en	O
désordre	O
,	O
et	O
ses	O
yeux	O
égarés	O
Ne	O
savent	O
où	O
guider	O
ses	O
pas	O
mal	O
assurés	O
.	O
	
Il	O
paraissait	O
aux	O
miens	O
plus	O
grand	O
que	O
de	O
coutume	O
.	O
	
D'	O
une	O
maligne	O
ardeur	O
son	O
visage	O
s'	O
allume	O
,	O
Son	O
coeur	O
gros	O
de	O
soupirs	O
l'	O
un	O
par	O
l'	O
autre	O
opprimés	O
N'	O
exhale	O
sa	O
douleur	O
qu'	O
en	O
sanglots	O
mal	O
formés	O
.	O
	
Quelquefois	O
immobile	O
,	O
et	O
puis	O
tout	O
hors	O
d'	O
haleine	O
Il	O
s'	O
arrête	O
tantôt	O
,	O
et	O
tantôt	O
se	O
promène	O
,	O
Quelque	O
fois	O
sur	O
la	O
terre	O
il	O
attache	O
ses	O
yeux	O
,	O
Puis	O
par	O
de	O
longs	O
regards	O
semble	O
percer	O
les	O
Cieux	O
.	O
	
Enfin	O
son	O
corps	O
tremblant	O
,	O
et	O
son	O
âme	O
inquiète	O
Cherchant	O
à	O
demeurer	O
dans	O
une	O
ferme	O
assiette	O
Il	O
vient	O
se	O
prosterner	O
aux	O
marches	O
de	O
l'	O
Autel	O
,	O
Comme	O
pour	O
y	O
souffrir	O
le	O
dernier	O
coup	O
mortel	O
.	O
	
Puis	O
tout	O
à	O
coup	O
de	O
terre	O
il	O
relève	O
sa	O
vue	O
,	O
Et	O
du	O
grand	O
Jupiter	O
regardant	O
la	O
statue	O
,	O
Ne	O
pouvant	O
autrement	O
exprimer	O
ses	O
douleurs	O
Lui	O
parle	O
quelque	O
temps	O
par	O
un	O
torrent	O
de	O
pleurs	O
.	O
	
Sa	O
voix	O
dedans	O
son	O
sein	O
trop	O
longtemps	O
retenue	O
Comme	O
un	O
foudre	O
enfermé	O
dans	O
celui	O
de	O
la	O
nue	O
,	O
Rompt	O
enfin	O
sa	O
prison	O
,	O
et	O
par	O
un	O
triste	O
éclat	O
Ouvre	O
de	O
son	O
esprit	O
le	O
déplorable	O
état	O
.	O
	
Dieu	O
,	O
dit-il	O
,	O
qui	O
voyez	O
qu'	O
une	O
fille	O
infidèle	O
Viole	O
vos	O
décrets	O
et	O
s'	O
oppose	O
à	O
mon	O
zèle	O
,	O
Que	O
n'	O
exterminez-vous	O
pour	O
venger	O
notre	O
honneur	O
Cette	O
âme	O
subornée	O
avec	O
son	O
suborneur	O
?	O
	
Vous	O
devez	O
protéger	O
votre	O
gloire	O
et	O
la	O
mienne	O
,	O
Vengez-vous	O
,	O
vengez-moi	O
,	O
que	O
rien	O
ne	O
vous	O
retienne	O
,	O
Si	O
le	O
Roi	O
les	O
soutient	O
,	O
qu'	O
il	O
sache	O
que	O
les	O
Rois	O
Tiennent	O
de	O
vous	O
leur	O
force	O
,	O
et	O
sont	O
dessous	O
vos	O
lois	O
,	O
Si	O
vous	O
ne	O
daignez	O
pas	O
faire	O
un	O
tel	O
sacrifice	O
,	O
Servez-vous	O
de	O
mon	O
bras	O
pour	O
ce	O
sanglant	O
office	O
;	O
	
Donnez-moi	O
,	O
s'	O
il	O
se	O
peut	O
,	O
votre	O
foudre	O
à	O
lancer	O
,	O
Et	O
bientôt	O
à	O
vos	O
pieds	O
je	O
vais	O
les	O
renverser	O
.	O
	
Il	O
finissait	O
ces	O
mots	O
,	O
quand	O
sa	O
fille	O
tremblante	O
Pour	O
montrer	O
à	O
quel	O
point	O
elle	O
était	O
innocente	O
,	O
La	O
voix	O
lui	O
défaillant	O
au	O
fort	O
de	O
ses	O
douleurs	O
Vient	O
fondant	O
à	O
ses	O
pieds	O
les	O
laver	O
par	O
ses	O
pleurs	O
.	O
	
Cet	O
abord	O
le	O
surprend	O
,	O
et	O
la	O
voyant	O
muette	O
Il	O
est	O
de	O
ce	O
silence	O
un	O
mauvais	O
interprète	O
,	O
Prend	O
son	O
étonnement	O
pour	O
un	O
aveu	O
secret	O
,	O
Et	O
d'	O
un	O
oeil	O
indigné	O
ne	O
la	O
voit	O
qu'	O
à	O
regret	O
.	O
	
Puis	O
soudain	O
transporté	O
comme	O
d'	O
un	O
zèle	O
extrême	O
,	O
Je	O
t'	O
adore	O
,	O
dit-il	O
,	O
divinité	O
suprême	O
,	O
Et	O
te	O
rendrai	O
sans	O
cesse	O
un	O
honneur	O
immortel	O
,	O
Puisqu'	O
enfin	O
tu	O
conduis	O
la	O
victime	O
à	O
l'	O
Autel	O
.	O
	
J'	O
entends	O
ce	O
que	O
tu	O
veux	O
,	O
en	O
Vierge	O
ou	O
violée	O
Ma	O
fille	O
par	O
mes	O
mains	O
te	O
doit	O
être	O
immolée	O
,	O
Et	O
doit	O
perdre	O
la	O
vie	O
en	O
ce	O
fatal	O
moment	O
Pour	O
le	O
bien	O
du	O
pays	O
,	O
ou	O
pour	O
son	O
châtiment	O
.	O
	
Je	O
frémis	O
.	O
	
À	O
ces	O
mots	O
il	O
tire	O
son	O
épée	O
,	O
L'	O
âme	O
de	O
désespoir	O
et	O
de	O
rage	O
occupée	O
,	O
Et	O
fermant	O
son	O
oreille	O
aux	O
tendresses	O
du	O
sang	O
D'	O
une	O
main	O
parricide	O
il	O
lui	O
perce	O
le	O
flanc	O
.	O
	
Ô	O
prodige	O
d'	O
horreur	O
!	O
	
Ô	O
monstre	O
de	O
nature	O
!	O
	
Son	O
sang	O
sort	O
de	O
sa	O
plaie	O
,	O
et	O
sortant	O
il	O
murmure	O
.	O
	
Mais	O
malgré	O
sa	O
faiblesse	O
embrassant	O
ses	O
genoux	O
,	O
Sa	O
fille	O
tâche	O
encor	O
à	O
fléchir	O
son	O
courroux	O
,	O
Pour	O
ne	O
pas	O
l'	O
écouter	O
il	O
détourne	O
sa	O
vue	O
,	O
Plus	O
que	O
le	O
coup	O
mortel	O
cette	O
rigueur	O
la	O
tue	O
,	O
Et	O
voyant	O
qu'	O
il	O
s'	O
échappe	O
à	O
ses	O
bras	O
languissants	O
S'	O
efforce	O
à	O
l'	O
arrêter	O
par	O
ces	O
tristes	O
accents	O
.	O
	
Pour	O
le	O
moins	O
quand	O
je	O
meurs	O
écoutez-moi	O
mon	O
père	O
,	O
Dans	O
l'	O
état	O
où	O
je	O
suis	O
ne	O
saurais-je	O
vous	O
plaire	O
?	O
	
Goûtez	O
votre	O
vengeance	O
et	O
repaissez	O
vos	O
yeux	O
De	O
la	O
perte	O
d'	O
un	O
sang	O
qui	O
vous	O
est	O
odieux	O
.	O
	
Souffrez	O
qu'	O
il	O
puisse	O
au	O
moins	O
laver	O
mon	O
infamie	O
.	O
	
Sa	O
voix	O
réveille	O
enfin	O
la	O
nature	O
endormie	O
,	O
Il	O
commence	O
à	O
la	O
voir	O
d'	O
un	O
oeil	O
plus	O
adouci	O
.	O
	
Tout	O
ce	O
qu'	O
elle	O
ressent	O
,	O
il	O
le	O
ressent	O
aussi	O
.	O
	
À	O
ce	O
soudain	O
bonheur	O
que	O
le	O
ciel	O
lui	O
renvoie	O
,	O
Argie	O
allait	O
mourir	O
par	O
un	O
excès	O
de	O
joie	O
,	O
Mais	O
le	O
désir	O
de	O
voir	O
ses	O
parents	O
détrompés	O
Rappelle	O
les	O
esprits	O
qu'	O
elle	O
avait	O
dissipés	O
.	O
	
Au	O
point	O
qu'	O
avec	O
le	O
corps	O
l'	O
âme	O
faisait	O
divorce	O
Par	O
un	O
soudain	O
miracle	O
on	O
voit	O
croître	O
sa	O
force	O
,	O
Et	O
pousser	O
ce	O
discours	O
pour	O
se	O
justifier	O
D'	O
un	O
soupçon	O
que	O
son	O
sang	O
ne	O
pouvait	O
expier	O
.	O
	
Je	O
ne	O
suis	O
plus	O
,	O
dit-elle	O
,	O
en	O
état	O
de	O
rien	O
feindre	O
,	O
Car	O
enfin	O
en	O
mourant	O
qu'	O
est-ce	O
que	O
je	O
puis	O
craindre	O
?	O
	
Aussi	O
ne	O
crains-je	O
point	O
,	O
arbitres	O
immortels	O
,	O
De	O
jurer	O
à	O
mon	O
père	O
,	O
et	O
devant	O
vos	O
Autels	O
Qu'	O
Alcidamas	O
a	O
feint	O
le	O
crime	O
qu'	O
il	O
m'	O
impose	O
,	O
Justes	O
Dieux	O
!	O
	
Si	O
ma	O
mort	O
mérite	O
quelque	O
chose	O
Désabusez	O
mon	O
père	O
,	O
et	O
souffrez	O
qu'	O
aujourd'	O
hui	O
Je	O
paye	O
en	O
expirant	O
pour	O
Messène	LOC-B
et	O
pour	O
lui	O
;	O
	
Ses	O
voeux	O
sont	O
exaucés	O
,	O
cette	O
belle	O
victime	O
Tombant	O
dedans	O
son	O
sang	O
se	O
lave	O
de	O
son	O
crime	O
.	O
	
Et	O
vous	O
l'	O
avez	O
souffert	O
,	O
Dieux	O
!	O
	
Insensibles	O
Dieux	O
!	O
	
Quand	O
les	O
siens	O
sont	O
fermés	O
,	O
son	O
père	O
ouvre	O
les	O
yeux	O
,	O
Et	O
voit	O
dessus	O
l'	O
Autel	O
pour	O
comble	O
de	O
misères	O
Son	O
innocence	O
écrite	O
en	O
sanglants	O
caractères	O
.	O
	
Alors	O
le	O
désespoir	O
s'	O
emparant	O
de	O
son	O
coeur	O
Il	O
devient	O
à	O
lui-même	O
un	O
objet	O
plein	O
d'	O
horreur	O
,	O
Il	O
se	O
fuit	O
,	O
et	O
voulant	O
s'	O
éloigner	O
de	O
son	O
crime	O
Il	O
sort	O
,	O
puis	O
revenant	O
,	O
innocente	O
victime	O
Prends	O
,	O
dit-il	O
,	O
dans	O
ces	O
pleurs	O
,	O
prends	O
mes	O
derniers	O
adieux	O
.	O
	
Se	O
levant	O
à	O
ces	O
mots	O
il	O
échappe	O
à	O
nos	O
yeux	O
,	O
Il	O
court	O
sur	O
l'	O
ennemi	O
.	O
	
N'	O
en	O
dis	O
pas	O
davantage	O
,	O
J'	O
ai	O
vu	O
dans	O
le	O
combat	O
ce	O
qu'	O
a	O
fait	O
son	O
courage	O
,	O
Mais	O
s'	O
il	O
avait	O
alors	O
mille	O
traits	O
à	O
lancer	O
,	O
C'	O
est	O
par	O
moi	O
,	O
c'	O
est	O
par	O
moi	O
qu'	O
il	O
devait	O
commencer	O
.	O
	
Si	O
j'	O
échappe	O
belle	O
ombre	O
aux	O
traits	O
de	O
votre	O
père	O
,	O
Souffrez	O
que	O
par	O
mes	O
mains	O
j'	O
aille	O
vous	O
satisfaire	O
.	O
	
Toi	O
conduis-moi	O
de	O
grâce	O
auprès	O
de	O
son	O
tombeau	O
.	O
	
Mais	O
je	O
vois	O
dans	O
le	O
Temple	O
un	O
spectacle	O
nouveau	O
.	O
	
Puisque	O
les	O
ennemis	O
sont	O
maîtres	O
de	O
la	O
ville	O
,	O
Grands	O
Dieux	O
qui	O
m'	O
accordez	O
ce	O
Temple	O
pour	O
asile	O
Souffrez	O
pour	O
m'	O
affranchir	O
de	O
la	O
honte	O
des	O
fers	O
Que	O
je	O
retrouve	O
Argie	O
alors	O
que	O
je	O
la	O
perds	O
;	O
	
Que	O
vois-je	O
?	O
	
Ah	O
!	O
	
Pauvre	O
amant	O
d'	O
une	O
illustre	O
Princesse	O
,	O
Que	O
je	O
te	O
plains	O
!	O
	
Approche	O
,	O
et	O
viens	O
voir	O
ta	O
maîtresse	O
,	O
Vois	O
le	O
triste	O
cercueil	O
où	O
son	O
corps	O
est	O
réduit	O
,	O
Voilà	O
de	O
notre	O
amour	O
le	O
déplorable	O
fruit	O
,	O
Par	O
les	O
mains	O
de	O
son	O
père	O
elle	O
a	O
perdu	O
la	O
vie	O
;	O
	
Mais	O
c'	O
est	O
plutôt	O
par	O
nous	O
qu'	O
elle	O
lui	O
fut	O
ravie	O
C'	O
est	O
ma	O
lâche	O
imposture	O
,	O
et	O
ma	O
jalouse	O
humeur	O
,	O
C'	O
est	O
ton	O
zèle	O
,	O
cruel	O
,	O
qui	O
lui	O
perça	O
le	O
coeur	O
,	O
Mais	O
je	O
dois	O
expier	O
et	O
l'	O
un	O
et	O
l'	O
autre	O
crime	O
,	O
De	O
ses	O
mânes	O
sacrés	O
je	O
serai	O
la	O
victime	O
;	O
	
Jouis	O
,	O
jouis	O
du	O
trône	O
où	O
t'	O
appellent	O
les	O
Dieux	O
,	O
Après	O
la	O
mort	O
d'	O
Argie	O
il	O
m'	O
est	O
trop	O
odieux	O
,	O
Sur	O
le	O
corps	O
de	O
son	O
Roi	O
Mérope	O
l'	O
a	O
suivie	O
,	O
Son	O
père	O
en	O
combattant	O
a	O
vu	O
trancher	O
sa	O
vie	O
,	O
Et	O
je	O
veux	O
accablé	O
d'	O
un	O
excès	O
de	O
douleur	O
,	O
Confondre	O
en	O
ce	O
moment	O
mon	O
sang	O
avec	O
le	O
leur	O
.	O
	
Que	O
faites-vous	O
,	O
Seigneur	O
?	O
	
Ô	O
Dieux	O
!	O
	
Cresphonte	O
,	O
Alcmène	O
,	O
Je	O
vais	O
rejoindre	O
Argie	O
,	O
et	O
pour	O
calmer	O
la	O
haine	O
Qu'	O
excita	O
dans	O
son	O
âme	O
un	O
discours	O
criminel	O
,	O
Exposer	O
à	O
ses	O
yeux	O
un	O
regret	O
éternel	O
:	O
Belle	O
ombre	O
,	O
en	O
quelque	O
lieu	O
que	O
tu	O
sois	O
devenue	O
,	O
Sur	O
cet	O
infortuné	O
daigne	O
porter	O
la	O
vue	O
,	O
D'	O
un	O
oeil	O
moins	O
irrité	O
regarde	O
son	O
trépas	O
,	O
Sa	O
dernière	O
action	O
ne	O
te	O
déplaira	O
pas	O
,	O
Si	O
son	O
crime	O
n'	O
a	O
pu	O
mériter	O
quelque	O
grâce	O
,	O
Il	O
ne	O
tient	O
pas	O
à	O
moi	O
que	O
mon	O
sang	O
ne	O
l'	O
efface	O
,	O
Et	O
mon	O
coeur	O
transpercé	O
de	O
son	O
juste	O
remords	O
,	O
Se	O
plaint	O
de	O
ne	O
pouvoir	O
endurer	O
mille	O
morts	O
.	O
	
Je	O
me	O
meurs	O
.	O
	
Ô	O
malheur	O
!	O
	
Ô	O
funeste	O
aventure	O
!	O
